Price,Close,High,Low,Open,Volume
Ticker,PX,PX,PX,PX,PX
Date,,,,,
2021-10-21,11.593086242675781,12.188095529855513,10.815735768793456,11.535505200657767,6070400
2021-10-22,11.516310691833496,11.612280313692434,11.237999886723554,11.516310691833496,851700
2021-10-25,11.9961576461792,12.178498839698078,11.516311340332031,11.525908486105182,1119000
2021-10-26,11.986559867858887,12.188095342288763,11.525907877867255,11.996157013125583,682200
2021-10-27,11.852204322814941,12.624756266055726,11.737040402039884,11.852204322814941,330100
2021-10-28,11.717845916748047,12.072932045712033,11.612280067131984,11.91938138618535,331400
2021-10-29,11.9961576461792,12.207290277017528,11.612280967595144,11.631474343907248,384700
2021-11-01,11.660265922546387,12.207291383138195,11.516312383842072,11.89059286580128,491600
2021-11-02,11.82341480255127,11.97696550150892,11.564298226868827,11.564298226868827,93400
2021-11-03,11.756234169006348,12.140110837002682,11.583489210790912,11.689055980915532,191500
2021-11-04,11.91938304901123,11.996158389485196,11.564296870510578,11.564296870510578,121600
2021-11-05,11.9961576461792,12.092127273442312,11.72744397117036,11.72744397117036,85800
2021-11-08,11.986559867858887,12.092126635324247,11.75623387286307,11.861799725094283,267100
2021-11-09,12.063336372375488,12.092127810974807,11.81381697782104,11.823413208786578,209400
2021-11-10,12.044143676757812,12.274469707180517,11.861801549580788,11.861801549580788,334600
2021-11-11,12.140111923217773,12.236081556420656,11.64107221017184,11.813817183843327,167000
2021-11-12,12.907865524291992,13.43569664704414,12.120917870697209,12.120917870697209,563200
2021-11-15,13.42609977722168,14.07869106351171,13.138191802962302,13.291743393739065,389700
2021-11-16,13.397309303283691,13.896349000619105,13.301339673102078,13.426099826244487,284000
2021-11-17,13.397309303283691,13.69769283629144,13.243758627180487,13.445294118374498,209200
2021-11-18,13.464486122131348,13.809976023363934,12.927058810578194,13.368517416971063,372600
2021-11-19,13.387712478637695,13.670821887712847,13.061416826467402,13.349324808690264,176900
2021-11-22,13.36851692199707,14.347402803699504,13.358919777266141,14.088286302603073,329300
2021-11-23,12.696734428405762,13.339728633247427,12.380035899481875,13.339728633247427,449800
2021-11-24,12.955849647521973,12.984640168250904,12.57197298702239,12.57197298702239,75600
2021-11-26,12.735121726989746,12.831090441509179,12.59788510152797,12.783105626632354,31700
2021-11-29,12.639153480529785,12.869479518865548,12.40882744219402,12.869479518865548,274800
2021-11-30,13.214967727661133,13.243758249801546,12.523988789651835,12.68713660717117,334600
2021-12-01,13.4548921585083,13.723605859544758,13.30134055696747,13.32053485037293,298600
2021-12-02,13.771589279174805,13.800379801124732,13.349324019482982,13.6084414627349,472100
2021-12-03,13.771589279174805,14.011512430970644,13.639151230783597,13.81957317734662,365800
2021-12-06,13.915543556213379,14.299420253739362,13.531666858687396,13.915543556213379,416600
2021-12-07,14.404987335205078,14.680418848596862,13.925140995579866,13.925140995579866,228200
2021-12-08,14.136270523071289,14.424178465026129,13.656424258224593,14.404985090354003,188600
2021-12-09,13.80038070678711,14.248557191075594,13.301340078989364,13.953931387575876,145500
2021-12-10,13.464486122131348,14.011511494004898,13.042221805911012,13.867557063413278,145000
2021-12-13,12.94625473022461,13.618039459328717,12.533587477976916,13.42610109604673,174600
2021-12-14,12.71592903137207,13.147790589013312,12.504796368547828,12.706331884144983,161400
2021-12-15,12.888671875,13.358921028034882,12.581569621495557,12.72552406023538,461400
2021-12-16,12.504796981811523,13.138194086113156,12.495200749348149,12.879077504914479,570600
2021-12-17,12.19769287109375,12.994237648592721,11.83300957659971,12.437616018900288,1412600
2021-12-20,11.65066909790039,12.207290761558202,11.65066909790039,11.669862474974332,643500
2021-12-21,11.804218292236328,12.034544279588715,11.60268282449446,11.708248673222442,517600
2021-12-22,11.91938304901123,12.053740352457796,11.785025745564665,11.785025745564665,194700
2021-12-23,12.092127799987793,12.284066147637677,11.900188537103674,11.928979975676832,228600
2021-12-27,12.140111923217773,12.399229383725004,11.996158388647702,12.178499593452075,91400
2021-12-28,12.226483345031738,12.312855824343767,12.101723198829271,12.101723198829271,189700
2021-12-29,12.61995792388916,12.811897185201758,12.024948593429103,12.245678377844898,193300
2021-12-30,12.994239807128906,13.061418006799096,12.543183958059972,12.648750746380932,169000
2021-12-31,13.41650390625,13.464488725725912,13.003836655319496,13.003836655319496,130700
2022-01-03,13.118999481201172,13.618039216848532,12.850285777391054,13.541263872902784,174800
2022-01-04,12.888671875,13.128595024332187,12.59116676712505,13.118997878702695,253900
2022-01-05,12.667943000793457,13.051820616110984,12.476004650751817,12.82149368082677,132200
2022-01-06,12.543182373046875,12.797501249315374,12.293662984987563,12.61995771017808,122100
2022-01-07,12.571972846984863,12.6679415534237,12.389630748853032,12.5335851813625,65300
2022-01-10,12.226483345031738,12.543181825686396,12.130514635422728,12.543181825686396,220900
2022-01-11,12.476005554199219,12.610362866574947,12.159307024888292,12.159307024888292,86100
2022-01-12,12.61995792388916,12.898268754511353,12.293663193173048,12.533586354579565,156800
2022-01-13,12.955849647521973,13.128594602363862,12.428018552909432,12.629554028480252,162900
2022-01-14,12.76391315460205,12.92706098760759,12.476005160166732,12.850285644456076,114700
2022-01-18,12.284065246582031,12.735121016899281,12.255274725354937,12.591166580295477,68200
2022-01-19,12.207290649414062,12.654507039369015,12.18809635728222,12.32245365650245,60200
2022-01-20,12.120919227600098,12.322454736476463,12.092128702113275,12.31285758956942,67300
2022-01-21,11.756234169006348,12.168902273528037,11.746637023497897,12.044142127620685,300300
2022-01-24,11.61228084564209,11.888671502179418,11.545101741169754,11.61228084564209,193900
2022-01-25,11.535505294799805,11.660264525268392,11.314775524638263,11.51631100381438,283400
2022-01-26,11.199613571166992,11.676580580876255,11.113241084128369,11.61228171358075,182800
2022-01-27,11.238001823425293,11.391552512674444,10.969288117239278,11.314777168049869,125700
2022-01-28,11.314776420593262,11.389632513942358,10.978883623624169,11.238001081040482,188600
2022-01-31,11.593086242675781,11.660264430108185,11.420341286153414,11.631473909099178,259200
2022-02-01,12.063336372375488,12.12091833433989,11.372358320208074,11.631474860962296,238100
2022-02-02,12.18809700012207,12.30326001328453,11.842607960634691,12.207291293266284,151700
2022-02-03,12.005754470825195,12.188095659466853,11.957769658477126,12.092126950004886,138800
2022-02-04,12.149709701538086,12.285986258290116,11.94145637375723,12.04414383171143,182400
2022-02-07,12.092127799987793,12.305178770976912,11.98656102235468,12.207290808577724,202000
2022-02-08,12.044143676757812,12.2360820354434,12.015353151763545,12.09212849523778,126700
2022-02-09,12.063336372375488,12.16890315010452,11.967367656080466,12.12091833433989,127700
2022-02-10,11.9961576461792,12.130514941300717,11.919382310462389,11.9961576461792,131000
2022-02-11,12.024948120117188,12.101723455526596,11.871397449298374,11.996157598147208,160100
2022-02-14,11.717845916748047,12.092126335769931,11.641070586984705,12.05373867088826,109400
2022-02-15,12.23608112335205,12.23608112335205,11.795582554361317,11.813816765719821,82300
2022-02-16,12.773510932922363,13.01343412094301,12.188097768402013,12.207292062756142,81400
2022-02-17,12.523990631103516,12.879076840492328,12.523990631103516,12.744719525358319,107700
2022-02-18,12.30325984954834,12.571974458585535,12.264872179005064,12.543183019252382,82100
2022-02-22,11.765832901000977,12.22648496471017,11.506715428738834,12.149709620758637,125000
2022-02-23,12.101724624633789,12.34164779977491,11.708250763839835,11.861801449492669,146800
2022-02-24,11.804218292236328,12.024947134640504,11.343565402297436,11.794621147288117,177100
2022-02-25,11.97696304321289,12.034545001120375,11.669861708330766,11.880994333679313,179500
2022-02-28,11.938577651977539,12.061418575438896,11.660266785382943,11.900189977800158,272000
2022-03-01,11.429939270019531,13.166983362377268,11.381954454661782,12.101723939325323,419000
2022-03-02,11.804218292236328,11.986559470081772,11.449132166259535,11.45872839597363,240800
2022-03-03,11.669862747192383,12.068135169535019,11.564296882737628,11.77542952688139,233500
2022-03-04,11.60268497467041,11.612282121397136,11.343567504454487,11.583490681216954,333400
2022-03-07,11.516310691833496,12.16890192391232,11.237999886723554,11.535504982298942,375600
2022-03-08,11.324373245239258,11.698652786121142,11.266791284592852,11.516311588670252,118600
2022-03-09,11.708250045776367,11.72744433792293,11.420342070217476,11.487521177496227,109500
2022-03-10,11.410745620727539,11.660265007212052,11.324373138191506,11.50671433391875,89600
2022-03-11,11.228403091430664,11.477923383853032,11.151627757644423,11.429938571428089,130300
2022-03-14,11.199613571166992,11.410746215568711,10.988480926765273,11.18041927838763,153800
2022-03-15,11.353164672851562,11.41074663808755,11.151629167377038,11.285986476104817,179600
2022-03-16,11.487520217895508,11.717846213008835,11.290783315998606,11.391550595647882,258500
2022-03-17,11.727444648742676,11.794622842567668,11.516312005705814,11.516312005705814,109700
2022-03-18,11.420341491699219,11.976963122473752,11.420341491699219,11.67945893114642,321600
2022-03-21,11.621877670288086,11.765832117031092,11.449133615524406,11.48752128494236,126400
2022-03-22,11.785026550292969,11.813817991362388,11.583491038978604,11.679460678741375,140000
2022-03-23,11.785026550292969,12.092128848393243,11.669863531718233,11.746638877434725,99100
2022-03-24,11.900188446044922,12.024948599871257,11.756234915217583,11.900188446044922,142600
2022-03-25,11.900188446044922,11.996158076752634,11.823413107572444,11.823413107572444,110300
2022-03-28,11.861802101135254,11.94817459536852,11.804221048469296,11.890593542702563,93800
2022-03-29,11.679459571838379,12.072933410153084,11.631474756504682,11.89059221016611,356100
2022-03-30,11.679459571838379,11.93857611026558,11.607482806454948,11.679459571838379,113100
2022-03-31,11.631475448608398,11.804220427994801,11.602684923788757,11.69865364493232,108800
2022-04-01,11.785026550292969,11.919383862913984,11.57389480718978,11.63147585885999,146800
2022-04-04,11.880997657775879,12.03454836817776,11.660267825147354,11.78502800615749,232800
2022-04-05,11.410745620727539,11.861800494718063,11.23800065565547,11.83300997228412,261700
2022-04-06,10.92130184173584,11.3339699504913,10.911704696128927,11.3339699504913,158700
2022-04-07,11.046063423156738,11.151629292837034,10.671782932997743,10.796543096384074,182200
2022-04-08,11.094046592712402,11.33396973696001,10.940495011597237,10.988479823493591,93100
2022-04-11,10.978883743286133,11.380995572453356,10.85892215952314,11.209210679689111,92600
2022-04-12,10.930901527404785,11.151630436250459,10.815738499063427,10.978885436121224,91300
2022-04-13,11.333969116210938,11.333969116210938,10.79654089982762,10.854122853996376,81500
2022-04-14,11.228403091430664,11.50671390521433,11.094046714921829,11.410745195598615,129400
2022-04-18,10.959691047668457,11.209211377075736,10.950093900714107,11.122838884955192,75700
2022-04-19,11.314776420593262,11.333970713098577,10.882914906800314,10.882914906800314,120400
2022-04-20,11.641072273254395,11.717847614139043,11.401149104181306,11.41074625060045,151400
2022-04-21,11.372359275817871,11.986562040466515,11.190017143637071,11.70825118392652,262500
2022-04-22,11.420341491699219,11.573893075390624,11.07485248767046,11.314775635943422,392200
2022-04-25,11.727444648742676,11.804219988895309,11.37235847172819,11.37235847172819,195300
2022-04-26,11.717845916748047,12.082529190740981,11.381953162607834,11.669861106837427,193800
2022-04-27,11.60268497467041,11.938576872997292,11.48752195965254,11.76583280808763,221100
2022-04-28,11.756234169006348,11.89059146042215,11.497116731683194,11.660264544390179,254500
2022-04-29,11.61228084564209,11.928979330956494,11.497116928042137,11.708249556663135,746400
2022-05-02,11.746639251708984,11.775430693695764,11.497118912562957,11.612282850041389,138200
2022-05-03,11.669862747192383,11.794622904403049,11.63435440387505,11.794622904403049,77200
2022-05-04,11.957770347595215,11.957770347595215,11.535505988112577,11.669862372149032,113300
2022-05-05,11.698652267456055,11.823412413963457,11.487520556659689,11.804219038088412,112400
2022-05-06,11.765832901000977,11.804220572976742,11.420342937984788,11.650669885073679,112800
2022-05-09,10.882915496826172,11.727445192927835,10.710170515849791,11.621878408893696,252400
2022-05-10,10.316695213317871,11.103642834389046,10.249517025733988,10.921301647275296,224300
2022-05-11,10.422262191772461,10.6621853621513,10.105563680091134,10.33589061923286,175100
2022-05-12,10.59500789642334,10.849326804010385,10.143952048805792,10.374279003797634,188700
2022-05-13,10.748557090759277,10.98848024419245,10.575813042646647,10.882914386166165,170500
2022-05-16,10.80614185333252,10.978885946253897,10.662187374791198,10.758157027152079,103800
2022-05-17,10.950093269348145,11.079652000058797,10.758154917499542,11.007675232519853,134000
2022-05-18,11.046063423156738,11.122838767512281,10.844527915414863,10.873318440739617,146200
2022-05-19,10.729365348815918,11.190017434266554,10.604605180197787,10.950094244285763,96000
2022-05-20,10.930901527404785,10.959692055681527,10.75815652727555,10.87331955561691,129300
2022-05-23,11.02686882019043,11.209210944346589,10.863720989201981,10.92130295347084,105900
2022-05-24,10.834930419921875,10.95969057929375,10.585410101178129,10.921302908351192,59200
2022-05-25,10.76775074005127,10.940494777859739,10.671781118308898,10.84452607135151,117500
2022-05-26,11.209210395812988,11.391551595811832,10.844527080581075,10.844527080581075,95600
2022-05-27,11.218831062316895,11.64218369726716,11.180344542556963,11.31504782051223,118400
2022-05-31,11.064886093139648,11.209210327318072,10.862831614735192,11.209210327318072,83100
2022-06-01,11.016777992248535,11.257319000453048,10.853210033262174,11.151481287175868,109400
2022-06-02,11.401643753051758,11.449751218919875,11.03602132338928,11.112994369887582,94700
2022-06-03,11.536345481872559,11.545967341545698,11.247696114815708,11.353534736038144,78100
2022-06-06,10.987913131713867,11.796131051643815,10.882075420329178,11.661427759125122,200900
2022-06-07,11.112992286682129,11.180343460344938,10.856094356295532,10.968667163359214,145900
2022-06-08,10.814722061157227,11.209209114997952,10.554938284214481,11.151479794606677,122900
2022-06-09,10.843586921691895,10.978289272088949,10.64153247850537,10.83396506306612,125900
2022-06-10,10.160451889038086,10.776236240282715,10.160451889038086,10.718506916149064,102500
2022-06-13,9.852559089660645,10.083478228264154,9.708234857431224,9.910289333107068,155800
2022-06-14,10.035370826721191,10.112343873414321,9.775586105938553,9.919911256681495,148600
2022-06-15,10.497208595275879,10.622290019453876,10.035370337625778,10.160451761803776,496800
2022-06-16,10.141209602355957,10.266291045775985,9.881425771861434,10.218182657138868,504000
2022-06-17,10.47796630859375,10.526073774604715,10.112343877845612,10.17007320409521,1091600
2022-06-21,10.57418155670166,10.872452783994612,10.497208514353359,10.497208514353359,353200
2022-06-22,10.189316749572754,10.526073593821256,10.025748798689651,10.362506560529233,497900
2022-06-23,10.016125679016113,10.285531304053427,9.919909843155413,10.102720573604419,93000
2022-06-24,10.160451889038086,10.461608946258439,10.10272164731337,10.10272164731337,143000
2022-06-27,10.47796630859375,10.63191240204747,10.160452261447675,10.237425308174535,292400
2022-06-28,10.833967208862305,10.833967208862305,10.376938927118553,10.59342620112162,197600
2022-06-29,10.554938316345215,10.814722094078778,10.352883859178663,10.814722094078778,120300
2022-06-30,10.699263572692871,10.699263572692871,10.314398339628454,10.381749526016952,92000
2022-07-01,10.987913131713867,11.007155934878762,10.660777219590688,10.67039907996869,69200
2022-07-05,11.41126537322998,11.41126537322998,10.728128856802087,10.805101907870766,143000
2022-07-06,11.305423736572266,11.401640475834744,11.233261640920821,11.334288391314677,142500
2022-07-07,11.603696823120117,11.699912660785927,11.271750026834267,11.401642371153642,80900
2022-07-08,11.459372520446777,11.642184185160877,11.311199000245516,11.642184185160877,36700
2022-07-11,11.305423736572266,11.449747927875153,11.132233972936135,11.449747927875153,42300
2022-07-12,11.401643753051758,11.594076369297511,11.257318602674124,11.324670706553457,58500
2022-07-13,11.064886093139648,11.343913618784743,11.026399569519329,11.295805234861568,36200
2022-07-14,11.016777992248535,11.04564265630756,10.738713012526398,10.949426803580431,60300
2022-07-15,11.478616714477539,11.478616714477539,11.108183357455458,11.161102670627495,69300
2022-07-18,11.517102241516113,11.642183659730357,11.343912444359312,11.603697140094514,112200
2022-07-19,11.459372520446777,11.718194674895965,11.334291096587407,11.555589282674308,268300
2022-07-20,11.449749946594238,11.574831362652382,11.286182011563664,11.401642486071944,344000
2022-07-21,11.459372520446777,11.56040021254479,11.37277761796021,11.468994380187741,78600
2022-07-22,11.257317543029785,11.411263621535538,11.112993323828393,11.411263621535538,81000
2022-07-25,11.09375,11.20920956298804,10.920561114313461,11.20920956298804,133400
2022-07-26,11.064886093139648,11.151481000683145,10.949426522278689,11.151481000683145,70500
2022-07-27,11.24769401550293,11.276559589134763,11.064883303789008,11.151478189502765,79300
2022-07-28,11.32466983795166,11.449750340724409,11.180344698643758,11.32466983795166,117300
2022-07-29,11.382400512695312,11.47861728367177,11.25731907746237,11.382400512695312,81100
2022-08-01,11.728777885437012,11.76726440587587,11.315048020117027,11.382399201487276,311700
2022-08-02,11.555588722229004,11.76726412071765,11.488236624899885,11.719156659528142,87700
2022-08-03,11.75764274597168,11.776885546220523,11.49785806068002,11.49785806068002,98700
2022-08-04,11.767264366149902,11.82499460540881,11.58445362408024,11.738399705315961,44000
2022-08-05,11.65180492401123,11.863481246663861,11.594075601754806,11.719157023431768,26300
2022-08-08,11.680670738220215,11.873103345606246,11.632562356975944,11.728778201873434,33100
2022-08-09,11.748022079467773,11.767264881669748,11.594075991487728,11.748022079467773,65100
2022-08-10,11.90196704864502,11.93083170803019,11.786507493513357,11.786507493513357,51200
2022-08-11,11.786507606506348,12.123265333728638,11.757642946844461,12.017426718983412,114000
2022-08-12,12.892996788024902,13.037321933598884,12.027049584945267,12.113644488771444,482300
2022-08-15,12.527374267578125,13.25861812540269,12.488886831154264,13.008456211784518,232200
2022-08-16,12.594724655151367,12.921860503481158,12.460021388900591,12.613967454563802,225000
2022-08-17,12.69094181060791,12.729428331036484,12.354184986255644,12.51775292747484,163000
2022-08-18,12.892996788024902,12.892996788024902,12.556239950201073,12.671699516105619,138200
2022-08-19,12.498507499694824,12.8352651955973,12.460020984528049,12.8352651955973,82500
2022-08-22,12.306077003479004,12.440780288121836,12.200239298282458,12.402293766451178,132900
2022-08-23,12.219482421875,12.440780615497987,12.161753096645407,12.373428512608688,90800
2022-08-24,12.20986270904541,12.291646698829183,12.027051923547633,12.12326870597251,142900
2022-08-25,12.219482421875,12.421536895360736,12.11364471389336,12.267590804627048,95300
2022-08-26,12.518457412719727,12.788501849924703,12.267703177834557,12.508813691205248,268500
2022-08-29,12.25805950164795,12.716169881025278,12.229126495299349,12.489525391964127,175700
2022-08-30,12.026593208312988,12.46059196805317,11.978370919505489,12.393081315580865,112100
2022-08-31,12.036236763000488,12.518457804846925,12.007303758023523,12.383436501778656,256600
2022-09-01,11.881927490234375,12.123038037810648,11.679394593479755,12.016949727992037,121100
2022-09-02,11.833706855773926,12.06517277516337,11.746906906061932,11.88192823249054,70900
2022-09-06,11.303260803222656,11.86745942527156,11.042861014693813,11.737259531007139,352100
2022-09-07,11.708327293395996,11.74690494017145,11.197172323916664,11.20681696555144,203800
2022-09-08,11.476862907409668,11.70832975652058,11.361129942736135,11.611885159410713,90400
2022-09-09,11.467218399047852,11.65046201730446,11.447929113039903,11.544373703552084,88500
2022-09-12,11.5829496383667,11.746904866069022,11.544371991834604,11.563660355218829,99600
2022-09-13,11.158594131469727,11.525082217796568,11.129661127743915,11.418993924292852,236100
2022-09-14,11.255040168762207,11.457573060735964,11.120017934191793,11.168240226521492,241700
2022-09-15,11.062151908874512,11.322550815589702,10.994640331770503,11.158595573680103,95700
2022-09-16,11.023573875427246,11.03321759773764,10.821040990689927,10.96570694274643,272400
2022-09-19,10.907840728759766,11.023573672224344,10.840329155249337,10.956062098713918,90900
2022-09-20,10.637796401977539,10.869263211449685,10.589574111680689,10.869263211449685,243000
2022-09-21,10.849973678588867,11.023573551770662,10.657085441588908,10.724596094597977,89400
2022-09-22,10.329174995422363,10.830684412428969,10.329174995422363,10.830684412428969,104500
2022-09-23,10.232730865478516,10.324353127128884,10.039842619712248,10.30024244131949,268100
2022-09-26,10.31952953338623,10.483484752009153,10.242374244594691,10.31952953338623,332700
2022-09-27,10.116998672485352,10.435264531675026,10.06877637750672,10.406331522593359,189400
2022-09-28,10.232730865478516,10.319530806014264,9.991620328329754,10.174864851630488,95900
2022-09-29,9.981975555419922,10.165219139673475,9.924108627897763,10.107352212151316,158400
2022-09-30,10.1459321975708,10.174865205501073,9.953043025332354,10.010909960956635,1020700
2022-10-03,10.329174995422363,10.396685648540029,10.04948682138161,10.126642116305703,166900
2022-10-04,10.657087326049805,10.66480230503582,10.435265124452949,10.493132065667206,92100
2022-10-05,10.589574813842773,10.666731035291937,10.464198138426783,10.464198138426783,53100
2022-10-06,10.493130683898926,10.69276999521229,10.425620027842163,10.560641339955689,43800
2022-10-07,10.242374420166016,10.483484931713512,10.155574488846739,10.43526264545129,55400
2022-10-10,10.078420639038086,10.25202052648577,10.049487631051386,10.25202052648577,96700
2022-10-11,9.904821395874023,10.039842709232474,9.721576870939389,10.039842709232474,249300
2022-10-12,9.875886917114258,10.00126450091573,9.818020905983525,9.856598553325234,96700
2022-10-13,10.03019905090332,10.039843694164718,9.576911854783244,9.654067161346823,146400
2022-10-14,9.962686538696289,10.160397090044226,9.953041897224772,10.107352481714514,147300
2022-10-17,9.953042984008789,10.116998227872507,9.924109976198643,10.078420577537734,160100
2022-10-18,10.107352256774902,10.232729833823443,10.020553244753865,10.155574543295666,143300
2022-10-19,10.05913257598877,10.174865531177973,10.001265638512285,10.05913257598877,134800
2022-10-20,9.953042984008789,10.348464129881146,9.895176968388496,10.049487569727589,254100
2022-10-21,10.107352256774902,10.194152188559555,9.895175667705324,9.895175667705324,64700
2022-10-24,10.223087310791016,10.290597967976245,10.020554419471603,10.116998084055686,86800
2022-10-25,10.396686553955078,10.51241950642004,10.13628764084985,10.223087585139508,261600
2022-10-26,10.280953407287598,10.464197935051859,10.280953407287598,10.425620284958919,54500
2022-10-27,10.242374420166016,10.367751996542347,10.116996843789684,10.329174351485293,73800
2022-10-28,10.425620079040527,10.464197728371513,10.256842518306074,10.300242488773897,76500
2022-10-31,10.02055549621582,10.46419897631209,10.02055549621582,10.34846509475322,84400
2022-11-01,10.107352256774902,10.174863825809418,10.010908603496988,10.068774611511014,171100
2022-11-02,10.174864768981934,10.33882000649241,10.06877554484945,10.174864768981934,75100
2022-11-03,9.769800186157227,10.068776771138213,9.769800186157227,10.039843760925429,54800
2022-11-04,9.66370964050293,9.9916191600837,9.50939814216871,9.89517550835886,132400
2022-11-07,9.644421577453613,9.808376817851423,9.451533329857284,9.750509883690667,143800
2022-11-08,9.528688430786133,9.69264366777517,9.475643818888592,9.69264366777517,84800
2022-11-09,9.374377250671387,9.547976199179105,9.316510321326389,9.451532543288959,97800
2022-11-10,10.165221214294434,10.444909428245309,9.760155398260228,9.760155398260228,240700
2022-11-11,9.91446590423584,10.300243349548186,9.808377589650933,10.097710443694247,244200
2022-11-14,9.374377250671387,9.924108940512497,9.306865679808283,9.91446429899439,219600
2022-11-15,9.644421577453613,9.895176759210699,9.490110979376551,9.490110979376551,153500
2022-11-16,9.557621002197266,9.692643226441376,9.470821066594883,9.557621002197266,149000
2022-11-17,9.61548900604248,9.745688004218481,9.393666821430624,9.393666821430624,142000
2022-11-18,9.885534286499023,9.89517893093651,9.432246115340293,9.644423694145388,176700
2022-11-21,9.77944278717041,10.020553301372962,9.740865141688547,9.827664154200026,117000
2022-11-22,9.91446590423584,9.98197748602968,9.557622388162477,9.798732946571272,163200
2022-11-23,9.82766342163086,10.001263273240655,9.673352851205953,10.001263273240655,150700
2022-11-25,10.02055549621582,10.059133150147504,9.822844904845466,9.866243960725267,53200
2022-11-28,9.885534286499023,10.030200274005637,9.813201292745717,10.001267260457098,107200
2022-11-29,9.885534286499023,10.001606982396822,9.779133623411534,9.895206319309333,91500
2022-11-30,9.895204544067383,10.020950172679976,9.730768946227123,9.90487749760611,213200
2022-12-01,10.11767864227295,10.166042491227325,9.88553327424838,9.88553327424838,109300
2022-12-02,10.204732894897461,10.257932295970262,9.953241630406163,10.020950462206264,125200
2022-12-05,10.185386657714844,10.238586979530007,10.156368719662764,10.20473256472531,181200
2022-12-06,9.904877662658691,10.175714831474501,9.851678262236431,10.137023016674839,171700
2022-12-07,9.96291446685791,9.98225945180277,9.859415891642449,9.904877667096054,87400
2022-12-08,9.96291446685791,10.137023021216203,9.896172377747686,9.96291446685791,145900
2022-12-09,9.933897018432617,10.020950838675928,9.914551110069427,9.914551110069427,108800
2022-12-12,10.185386657714844,10.359496130954563,10.020950137980357,10.020950137980357,108500
2022-12-13,10.272441864013672,10.465896330645409,10.137023276139626,10.446551345214065,288800
2022-12-14,10.465895652770996,10.543277434411685,10.243423261169916,10.320805042810605,302400
2022-12-15,10.108004570007324,10.398186709174684,9.817822430839964,10.320804928391867,359400
2022-12-16,10.0983304977417,10.204731126374924,9.904876067222412,10.069312563779679,615100
2022-12-19,9.875860214233398,9.98225994282295,9.759787531463793,9.875860214233398,343000
2022-12-20,10.108004570007324,10.108004570007324,9.759786556484645,9.759786556484645,236300
2022-12-21,9.846841812133789,10.2434236902712,9.779132058514096,10.166041905388957,342400
2022-12-22,9.527640342712402,9.754949187663698,9.508294438054332,9.730767729304615,135800
2022-12-23,9.440584182739258,9.527638895550744,9.179420044304795,9.35352946992777,279700
2022-12-27,10.049967765808105,10.085756582431415,9.537312362474395,9.537312362474395,411200
2022-12-28,9.595349311828613,10.03062202623855,9.595349311828613,9.895203458937527,576400
2022-12-29,9.99193286895752,10.175715308007982,9.63404186747318,9.63404186747318,337100
2022-12-30,10.320804595947266,10.38367694488427,9.866185956644292,9.904876845789424,723100
2023-01-03,10.494915008544922,10.669023564230077,10.369169376822304,10.475569100988992,220700
2023-01-04,10.649677276611328,10.852804668786547,10.44654988443611,10.62065841882663,164300
2023-01-05,10.388513565063477,10.63033185618207,10.388513565063477,10.63033185618207,93900
2023-01-06,10.523932456970215,10.581968332006083,10.340150033608229,10.417532737762055,129900
2023-01-09,10.688368797302246,10.872150295167934,10.630332000760479,10.630332000760479,123600
2023-01-10,10.881823539733887,10.891496493160473,10.649678192277497,10.649678192277497,214400
2023-01-11,10.91084098815918,11.041423086170171,10.833459209144571,10.997895720166508,143200
2023-01-12,11.201025009155273,11.268733846592673,10.82378808101035,11.036588470409823,119000
2023-01-13,11.259058952331543,11.268730982032695,11.012404206914068,11.152658323447442,117100
2023-01-17,11.249385833740234,11.491204099497857,11.172004062494873,11.307421700942516,103300
2023-01-18,11.220367431640625,11.365458016051653,11.12363976039098,11.346112112816348,86000
2023-01-19,10.901169776916504,11.201023962518013,10.901169776916504,11.181678977542258,65800
2023-01-20,10.891495704650879,11.075277194132756,10.862476846471994,10.959204528807852,153100
2023-01-23,11.055932998657227,11.152659765419383,10.87698705032864,10.891496480451588,128800
2023-01-24,10.794768333435059,11.0172416402341,10.736732460331705,10.939859861120583,103600
2023-01-25,10.891495704650879,10.978550434260443,10.707713292705456,10.843131863482949,187400
2023-01-26,10.891495704650879,10.988222464523194,10.852804816209245,10.988222464523194,50000
2023-01-27,10.949533462524414,11.065606147846927,10.915679044613311,10.968879371310017,81200
2023-01-30,10.76574993133545,11.007568211224035,10.76574993133545,10.881822594986346,53200
2023-01-31,10.930187225341797,10.939860178627617,10.722223342014653,10.736732771943382,83900
2023-02-01,10.939858436584473,10.97854932110309,10.804439879537588,10.852803715801722,294000
2023-02-02,11.239715576171875,11.34611530652517,10.925351939818492,11.065606087899486,244400
2023-02-03,11.423497200012207,11.529896922739363,11.142988001491855,11.152660032675318,193400
2023-02-06,11.172003746032715,11.394476101445427,11.162330794285175,11.346112265171179,105100
2023-02-07,11.220367431640625,11.346112112816348,11.017240059987122,11.133312712008632,326000
2023-02-08,11.123641967773438,11.230041689291323,11.075278122551262,11.17200581299561,147300
2023-02-09,10.891495704650879,11.375132271403082,10.891495704650879,11.16233192374232,122100
2023-02-10,10.997896194458008,11.065605023399886,10.833459676344637,10.881823520930382,84800
2023-02-13,10.959205627441406,11.084951258098297,10.881823842800802,10.930187688817089,106100
2023-02-14,10.959205627441406,11.05593331947398,10.881823842800802,10.891496796496787,91500
2023-02-15,11.007569313049316,11.046260204805794,10.872150730669835,10.872150730669835,61100
2023-02-16,11.142988204956055,11.326769715288453,10.920514879328785,10.920514879328785,95100
2023-02-17,11.123641967773438,11.278405534513496,11.046260184403407,11.123641967773438,73600
2023-02-21,10.727059364318848,11.03658647664646,10.717386411442721,11.03658647664646,74500
2023-02-22,10.746403694152832,10.81411343770495,10.620658081800041,10.756076646440778,72600
2023-02-23,10.727059364318848,10.901168826234908,10.67869552240177,10.833459078565575,60600
2023-02-24,10.53360652923584,10.698043063410834,10.465896771216684,10.630333305391678,49600
2023-02-27,10.64000415802002,10.659350062907999,10.543276478507158,10.601313270707578,73700
2023-02-28,10.417533874511719,10.693206617172196,10.417533874511719,10.640006290531156,103000
2023-03-01,10.465895652770996,10.61098718519499,10.388513871130307,10.436877715271638,94800
2023-03-02,10.291787147521973,10.436877758077438,10.243423303182283,10.436877758077438,43900
2023-03-03,10.427204132080078,10.45622299029011,10.282113530884097,10.282113530884097,177800
2023-03-06,10.282113075256348,10.434942216362113,10.233749236179635,10.41753164017844,156100
2023-03-07,10.059639930725098,10.493945902049267,9.866185494069523,10.42720382160245,260200
2023-03-08,9.96291446685791,10.161205405476826,9.933896528208802,10.098332128862845,141500
2023-03-09,9.605023384094238,9.769459905536243,9.401895970693152,9.653386307195369,579900
2023-03-10,9.305167198181152,9.566331380401971,8.94727625853536,9.392221925588093,748900
2023-03-13,8.937603950500488,9.150404308121049,8.67644067191199,9.150404308121049,647900
2023-03-14,8.860221862792969,9.28582256327762,8.811858021038319,9.179421926924679,241200
2023-03-15,8.840813636779785,9.015495218842872,8.704951006726054,8.704951006726054,242400
2023-03-16,8.976675033569336,9.064015803596703,8.724357459155726,8.782584947672149,215200
2023-03-17,8.792291641235352,8.996086508182703,8.704950851758667,8.918449531040853,239600
2023-03-20,8.976675033569336,9.015493050748773,8.491449356079102,8.889334263541969,846600
2023-03-21,9.413378715515137,9.461901472266707,9.030050880716399,9.151357309848024,239900
2023-03-22,9.267812728881836,9.694811014780848,9.267812728881836,9.413380094973723,254100
2023-03-23,9.316333770751953,9.374560336228457,9.11253894059505,9.306629034674346,233700
2023-03-24,9.57835578918457,9.617173810524436,9.199879386999903,9.287220166388261,193300
2023-03-27,9.694809913635254,9.850081999962581,9.520129279264328,9.714219387173488,202000
2023-03-28,9.529833793640137,9.714220103878649,9.47160721971881,9.66569734194774,168700
2023-03-29,9.63658332824707,9.646287139505677,9.461901768667238,9.60746911798734,109200
2023-03-30,9.529833793640137,9.753038128324434,9.529833793640137,9.68510589142328,134800
2023-03-31,9.811264038085938,9.825821143328199,9.53953788535956,9.588060644005788,213900
2023-04-03,9.67540168762207,9.966537321923118,9.578356167690165,9.82096904202526,169300
2023-04-04,9.364856719970703,9.636583809668553,9.131948579225131,9.636583809668553,238400
2023-04-05,9.296927452087402,9.393972994791902,9.219291388121757,9.36485877668362,196600
2023-04-06,9.316333770751953,9.384265072306064,9.243549175664468,9.306629034674346,147000
2023-04-10,9.481310844421387,9.52012886431126,9.287219819477418,9.316334028515772,237100
2023-04-11,9.53953742980957,9.655991489702599,9.47160612624562,9.47160612624562,168800
2023-04-12,9.617175102233887,9.753038657918944,9.529834311114547,9.714220631365322,296900
2023-04-13,9.811264038085938,9.830673511742285,9.617173928995667,9.743332731278004,308000
2023-04-14,10.170331954956055,10.184889061606286,9.840379200336725,9.879197225909278,258700
2023-04-17,10.112103462219238,10.257670799144924,10.034467425792933,10.10239872629231,171900
2023-04-18,10.092695236206055,10.209150230715256,9.966537355561316,10.112104710455812,234900
2023-04-19,10.393535614013672,10.403240351143593,10.063581955553767,10.082991429813607,174500
2023-04-20,10.170331954956055,10.383831558352458,10.141218667150323,10.306195507207354,89800
2023-04-21,10.005356788635254,10.180037454027708,9.96653876015973,10.180037454027708,137100
2023-04-24,9.947127342224121,10.10239942582848,9.947127342224121,9.966536815421977,102500
2023-04-25,9.685104370117188,9.879195387353608,9.665695823690282,9.811263161123037,166800
2023-04-26,9.791854858398438,9.898604180139627,9.63949346160551,9.655991328050447,177600
2023-04-27,9.801560401916504,9.92771828095877,9.733628168399907,9.859786972936833,143500
2023-04-28,10.024764060974121,10.073286821750761,9.811264468853711,9.811264468853711,122800
2023-05-01,10.131513595581055,10.139277570637658,9.971389129683047,10.005355710747827,176100
2023-05-02,9.859787940979004,10.08299228645708,9.77244715037866,10.08299228645708,118500
2023-05-03,10.034468650817871,10.15092271967424,9.796708144549283,9.927718393578528,237000
2023-05-04,9.801560401916504,10.07328655949891,9.685105408886526,10.03446853698714,160200
2023-05-05,9.840378761291504,9.995650856653986,9.806412180623106,9.879196785132125,141900
2023-05-08,9.70451545715332,9.918015056349214,9.660845063556552,9.918015056349214,99000
2023-05-09,9.67540168762207,9.714219710495898,9.529833407724214,9.655992213437823,148100
2023-05-10,9.820969581604004,9.879197081861186,9.680254588015785,9.782151556597455,154300
2023-05-11,9.820969581604004,9.898605631617102,9.714220244209676,9.714220244209676,162600
2023-05-12,9.801560401916504,9.966537228965201,9.709367251390546,9.888900258446997,169200
2023-05-15,9.772445678710938,9.947127233605704,9.762741867712592,9.85978645615832,109300
2023-05-16,10.442059516906738,11.2378295387527,10.345013985976598,10.48087754417984,449000
2023-05-17,10.490581512451172,10.56821756129954,10.230499915863904,10.42264927558782,214800
2023-05-18,10.247968673706055,10.461467346235038,9.956833026490965,10.393536034566244,391000
2023-05-19,10.422649383544922,10.577921482849955,10.296490571485903,10.345013333892405,224800
2023-05-22,10.558511734008789,10.665261058783344,10.296489402069506,10.296489402069506,194600
2023-05-23,10.490581512451172,10.830238994789106,10.383831251163636,10.56821756129954,123100
2023-05-24,10.277082443237305,10.403241260469532,10.21885494086291,10.403241260469532,108300
2023-05-25,10.189742088317871,10.38383222871068,10.180037349924532,10.19944682671121,77900
2023-05-26,10.348422050476074,10.48471392482396,10.114779633090357,10.114779633090357,100700
2023-05-30,10.182926177978516,10.474979694660316,10.173190844126196,10.455509026955678,112000
2023-05-31,10.348422050476074,10.397097786201208,10.221865508955702,10.231600841783216,94600
2023-06-01,10.562594413757324,10.621004552145317,10.231600534850656,10.29001067323865,160600
2023-06-02,10.708621978759766,10.815707864318856,10.650210904919566,10.689151311342192,169200
2023-06-05,10.825443267822266,10.91305941494119,10.640476568225393,10.640476568225393,191300
2023-06-06,11.088292121887207,11.117497195876357,10.825443670747172,10.825443670747172,172500
2023-06-07,11.16617202758789,11.287860909100885,11.0688205510125,11.185641765855475,168700
2023-06-08,11.156437873840332,11.34140458479549,11.098026796036681,11.185642948535865,143100
2023-06-09,11.1174955368042,11.207058554962924,10.81570672257728,11.136965273753962,405500
2023-06-12,11.010411262512207,11.214848636460578,10.805973888563836,11.214848636460578,341700
2023-06-13,11.1174955368042,11.224581411058953,11.107760204123107,11.1174955368042,200200
2023-06-14,11.24405288696289,11.385211507364643,11.078555933103946,11.166172076724857,222100
2023-06-15,11.360875129699707,11.375478131094592,11.224583235251837,11.234318569515093,245900
2023-06-16,11.185643196105957,11.302464425886262,11.127233045422107,11.28299468512918,273500
2023-06-20,11.24405288696289,11.399814507438958,11.166172076724857,11.166172076724857,270800
2023-06-21,11.2343168258667,11.363794151916974,11.195376423270083,11.195376423270083,238000
2023-06-22,11.059085845947266,11.273258549532942,10.99094036552059,11.146701994160157,372200
2023-06-23,10.6112699508667,11.029879994615538,10.40683259559546,11.010410256615287,5875000
2023-06-26,10.504183769226074,10.786501925217022,10.484714031784861,10.523654435079735,496100
2023-06-27,10.776768684387207,10.805974688837468,10.436040321514483,10.582066630115275,253500
2023-06-28,10.83517837524414,10.88385411467253,10.659946084666942,10.7670328970919,301500
2023-06-29,10.89358901977539,11.068821318394649,10.723225316576167,10.874119280158002,393200
2023-06-30,11.000675201416016,11.039615606813086,10.796237840978273,10.942264129114161,198500
2023-07-03,10.981204986572266,11.068821134425674,10.883854433278229,10.913059506425187,77700
2023-07-05,10.805974006652832,11.000676048633162,10.776768004046357,10.952000306034938,169900
2023-07-06,10.708621978759766,10.708621978759766,10.53338968565169,10.708621978759766,196200
2023-07-07,10.883853912353516,10.922794317489865,10.640476148148204,10.650210553122923,251900
2023-07-10,10.79623794555664,11.000675307974678,10.728092467554799,10.825443017784215,163400
2023-07-11,10.961734771728516,10.981204510177658,10.786502483623753,10.805973150485393,123100
2023-07-12,11.107762336730957,11.292729979534444,11.039616851704727,11.166173415619586,182300
2023-07-13,11.302462577819824,11.370608980358499,11.195376700133982,11.351138314372463,180800
2023-07-14,11.107762336730957,11.321935054772457,11.034749184429623,11.321935054772457,188000
2023-07-17,11.078557014465332,11.244053984478189,11.049351939878528,11.098026754719008,167200
2023-07-18,11.253787994384766,11.292728398721911,10.990939568799678,11.088291043848779,175000
2023-07-19,11.419283866882324,11.467959603769081,11.31219798846143,11.331668654581117,282800
2023-07-20,11.292729377746582,11.443623341583235,11.195377894257582,11.43875567456753,203800
2023-07-21,11.205113410949707,11.384239475032462,11.136967000031493,11.360875044341222,147000
2023-07-24,11.341404914855957,11.448491739210356,11.224583684261477,11.263524094459637,129100
2023-07-25,11.146700859069824,11.380343278236912,11.09802512297357,11.331668470553103,136200
2023-07-26,11.39981460571289,11.409549939179692,11.146701506051032,11.146701506051032,150600
2023-07-27,11.273258209228516,11.4192844995669,11.234317803244114,11.390079427181725,140400
2023-07-28,11.312198638916016,11.439729095460603,11.292728900089275,11.370609712221267,96000
2023-07-31,11.536105155944824,11.545839559874258,11.38034262371278,11.38034262371278,136200
2023-08-01,11.565312385559082,11.575047719719974,11.429020492544284,11.506901309006292,236200
2023-08-02,11.390080451965332,11.47769660541633,11.380345117490199,11.44849153040353,181300
2023-08-03,11.28299331665039,11.370609460462083,11.093158957333385,11.312198388450124,222800
2023-08-04,11.516634941101074,11.545840010854912,11.312197595999358,11.312197595999358,178800
2023-08-07,11.67239761352539,11.876834977236731,11.536106656659506,11.545841061855274,282500
2023-08-08,11.60425090789795,11.623720644642997,11.448489300287894,11.623720644642997,227900
2023-08-09,11.39981460571289,11.555576227531725,11.331669128270274,11.555576227531725,185700
2023-08-10,11.536105155944824,11.565310224557912,11.370608219783346,11.399813288396432,194700
2023-08-11,12.285710334777832,13.05478408943911,12.066670887832329,12.168889110724384,472300
2023-08-14,12.21756362915039,12.34412017463565,12.129947487782713,12.314914175238112,274900
2023-08-15,12.02286148071289,12.198092833172389,11.983921077009395,12.168887762497882,269700
2023-08-16,12.207829475402832,12.36359110692112,12.04233250981151,12.100743585837147,215900
2023-08-17,12.120213508605957,12.324650885164194,12.091008434358372,12.256505402448973,243800
2023-08-18,12.178625106811523,12.2370352578069,11.983923056139249,12.00339279700017,208600
2023-08-21,11.818425178527832,12.217564584031473,11.79895451074105,12.149418175190275,139100
2023-08-22,11.876835823059082,11.920643899003677,11.76001459667769,11.857366082868474,123800
2023-08-23,11.983922004699707,12.022862411417627,11.867099856133416,12.013127077635016,104500
2023-08-24,11.906041145324707,12.042333043145621,11.891439071981015,11.974187558441463,148000
2023-08-25,11.798954963684082,11.954716598307622,11.751253125552823,11.954716598307622,144800
2023-08-28,11.896306991577148,12.032597963876464,11.798955501295394,11.798955501295394,119000
2023-08-29,11.906041145324707,11.969319891189366,11.789219916512181,11.808690585520567,138000
2023-08-30,11.89920711517334,11.996821987336215,11.821115589812806,11.821115589812806,182800
2023-08-31,11.76254653930664,11.967537010913372,11.674693347057422,11.8992062330949,880600
2023-09-01,11.459940910339355,11.889445187947855,11.44041849640678,11.840637756729935,321100
2023-09-05,11.18662166595459,11.5966026378161,11.176859992594933,11.489227023633099,169700
2023-09-06,11.391613006591797,11.44042044612767,11.157338413928986,11.196384179372787,229600
2023-09-07,11.235428810119629,11.401373529227692,11.139766089342645,11.401373529227692,233600
2023-09-08,11.245192527770996,11.284238296370567,11.049962753848588,11.264714946608503,162300
2023-09-11,11.196383476257324,11.323282438711741,11.137814366307431,11.245190912728164,166300
2023-09-12,11.176860809326172,11.372089636163304,11.157338392104698,11.215906574693598,211200
2023-09-13,11.059723854064941,11.245191943469372,11.040201436241821,11.225668594721746,213200
2023-09-14,11.06948471069336,11.157337911718615,10.981631509668105,11.07924638434604,176100
2023-09-15,10.991393089294434,11.108530379351238,10.859613288883867,10.96210806858691,556000
2023-09-18,11.010915756225586,11.09388812160398,10.923062553951468,11.010915756225586,148200
2023-09-19,10.981632232666016,11.049962090884542,10.844971585304464,11.03043967321832,140500
2023-09-20,11.04996109008789,11.181740888366447,10.966988727941143,11.069484436910379,127400
2023-09-21,11.04996109008789,11.118291873042187,10.854732276485075,10.981631238058009,143500
2023-09-22,10.913301467895508,11.118291956447326,10.903539794411035,11.108530282962853,89200
2023-09-25,11.254951477050781,11.362328021771114,10.874255526640601,10.874255526640601,267000
2023-09-26,11.108531951904297,11.254953352471995,11.093889439477703,11.15733939573505,192000
2023-09-27,11.118291854858398,11.186621706776528,11.049961072015856,11.079246092201695,179300
2023-09-28,11.323281288146973,11.342803702196973,11.108529148051007,11.108529148051007,169200
2023-09-29,11.372090339660645,11.44042113147406,11.284238060342599,11.372090339660645,1013200
2023-10-02,11.089007377624512,11.552676646434412,11.030439196233983,11.37208940347729,298200
2023-10-03,10.669265747070312,11.001155214656775,10.635100819099554,11.001155214656775,163800
2023-10-04,10.708312034606934,10.71807277812887,10.405706643238625,10.630220500884374,211900
2023-10-05,10.35689926147461,10.703431258919698,10.327615168891418,10.659504654582651,286800
2023-10-06,10.288567543029785,10.58141120872889,10.054292982840241,10.327613303061376,634000
2023-10-09,10.064055442810059,10.381302384247974,9.985962985713977,10.308091694827597,263600
2023-10-10,10.337377548217773,10.415469087713738,10.005488039897626,10.06405715998189,379000
2023-10-11,10.249523162841797,10.532605193911877,10.210477397553664,10.425229572100632,317900
2023-10-12,9.956679344177246,10.308092158687568,9.946917670235413,10.308092158687568,225400
2023-10-13,9.8395414352417,10.025009504857579,9.751688237099904,10.025009504857579,136000
2023-10-16,9.956679344177246,10.181193190217115,9.937156927218043,9.937156927218043,171600
2023-10-17,10.16166877746582,10.220237884054754,9.89811012512654,9.89811012512654,177500
2023-10-18,9.693120002746582,10.054293535627274,9.693120002746582,10.054293535627274,190500
2023-10-19,9.449084281921387,9.722404632370717,9.424680097374912,9.693120541839402,162700
2023-10-20,9.07814884185791,9.478368149773006,9.07814884185791,9.478368149773006,221000
2023-10-23,8.951250076293945,9.180643825177249,8.873158547698589,9.000057514397156,341100
2023-10-24,9.009818077087402,9.214808568281642,8.848754186215102,9.107432951341586,297700
2023-10-25,8.892681121826172,9.048865112706507,8.853635356837206,8.912204469782889,315600
2023-10-26,8.88292121887207,9.195287368325742,8.84387545019036,8.89268196284908,281900
2023-10-27,8.88292121887207,9.029342618697338,8.804829681508652,8.84387545019036,174400
2023-10-30,9.205048561096191,9.205048561096191,8.909276157357331,8.980534704742267,177800
2023-10-31,9.19528579711914,9.234331559129066,9.02934107584586,9.20504747035272,160700
2023-11-01,9.185524940490723,9.273378145554418,9.16600252321239,9.19528661459213,158300
2023-11-02,9.49789047241211,9.49789047241211,9.283139241111785,9.302661657173442,200600
2023-11-03,9.8395414352417,9.990843648194565,9.673596712290399,9.673596712290399,253100
2023-11-06,9.780972480773926,9.898109758690913,9.644311857741942,9.898109758690913,220000
2023-11-07,9.654075622558594,9.766332088525377,9.624790598539363,9.732167158094141,137400
2023-11-08,9.84930419921875,9.85906587363198,9.638456314145705,9.6638361090654,159000
2023-11-09,9.702880859375,9.995724544623718,9.663835096736799,9.956678781985516,271000
2023-11-10,9.263615608215332,9.693119919408689,9.166001669070946,9.693119919408689,484800
2023-11-13,9.000056266784668,9.224569147642613,8.995175430558497,9.224569147642613,222700
2023-11-14,9.370992660522461,10.220238724925364,9.307542712253738,9.663835424787676,487600
2023-11-15,9.312422752380371,9.458844121985742,9.312422752380371,9.341706840116572,275400
2023-11-16,9.019579887390137,9.312423583666325,9.009818213631894,9.312423583666325,295100
2023-11-17,8.96101188659668,9.107433272212202,8.882920356811807,9.009818394518877,622600
2023-11-20,9.214808464050293,9.288020084375031,8.961011469524164,9.000057232599294,259500
2023-11-21,9.156240463256836,9.214808643548185,9.099623500594166,9.146478789566798,284200
2023-11-22,9.458845138549805,9.556460016060525,9.273377988388793,9.273377988388793,316600
2023-11-24,9.527176856994629,9.605268394271262,9.424681132491203,9.429561969936563,173000
2023-11-27,9.390514373779297,9.595504851967721,9.385633537283814,9.458844222867313,337400
2023-11-28,9.429561614990234,9.517414823850626,9.302662638961284,9.351470080653113,354900
2023-11-29,9.775320053100586,9.81450059113989,9.57942203348127,9.628396771914959,443200
2023-11-30,9.990809440612793,9.990809440612793,9.755731791213798,9.765526926800973,423000
2023-12-01,9.814499855041504,10.000602726193073,9.780216886828374,9.951627991432543,402700
2023-12-04,9.52065372467041,9.834090576802604,9.52065372467041,9.785115835128073,370300
2023-12-05,9.432498931884766,9.520653275920724,9.388421759866787,9.501063006528085,364800
2023-12-06,9.471678733825684,9.54024280989702,9.383524387953694,9.530447674996692,301500
2023-12-07,9.628396987915039,9.687166862176976,9.491267904047492,9.491267904047492,277300
2023-12-08,9.726346015930176,9.775319819075975,9.569627603986616,9.59901207269718,282300
2023-12-11,9.461884498596191,9.775321372285577,9.432500025216703,9.775321372285577,166100
2023-12-12,9.138652801513672,9.452089685919052,9.089678054796432,9.452089685919052,508900
2023-12-13,9.68716812133789,9.68716812133789,9.187627394584053,9.187627394584053,1009000
2023-12-14,9.902653694152832,10.098552641849402,9.765525551703726,9.794910020212047,607800
2023-12-15,9.990809440612793,10.029989048845959,9.765526926800973,9.971220103553982,953000
2023-12-18,9.961424827575684,10.08875878606778,9.799808829127162,10.08875878606778,354800
2023-12-19,10.098553657531738,10.186707071922909,9.88306535386159,9.971219702368264,564000
2023-12-20,10.020193099975586,10.235681394825788,9.99080862971457,10.098553244197404,705000
2023-12-21,9.491268157958984,10.033907053461988,9.412908946257101,10.029988438996053,1042300
2023-12-22,9.579422950744629,9.613704990696204,9.34434530469194,9.47167926316603,486400
2023-12-26,9.86347484588623,9.873269980843364,9.5696282700961,9.618602076650799,258100
2023-12-27,9.873270034790039,9.971219516665592,9.780218120419812,9.892860304811345,419200
2023-12-28,10.206296920776367,10.225886256237951,9.848782908034407,9.863474676101726,579700
2023-12-29,10.01039981842041,10.25527260601503,9.932040601119377,10.12793864437196,1289300
2024-01-02,9.412908554077148,10.00060355147101,9.363934749390532,10.00060355147101,588100
2024-01-03,9.275782585144043,9.505962697230306,9.109268994574178,9.47168065225104,428000
2024-01-04,9.148446083068848,9.410949327131036,9.148446083068848,9.334548961928087,372100
2024-01-05,8.550957679748535,9.09359663847793,8.443213984633397,9.060293549272302,2045300
2024-01-08,8.737060546875,8.7664450178523,8.12977618668967,8.668496469889467,3796500
2024-01-09,8.678290367126465,8.776239845777253,8.445171579417664,8.688085501814635,831900
2024-01-10,8.590137481689453,8.68808603220434,8.355058905399591,8.619521953432368,750200
2024-01-11,8.550957679748535,8.688086783262378,8.4530091207663,8.619522698563255,430600
2024-01-12,8.52157211303711,8.707675939242172,8.492187642520959,8.678290534610545,568400
2024-01-16,8.678290367126465,8.688085501814635,8.384443799405014,8.423623404042239,413800
2024-01-17,8.619521141052246,8.648905610025707,8.541161934379396,8.590136672078783,338900
2024-01-18,8.932958602905273,8.942753737964702,8.59993148380867,8.678290696053107,444200
2024-01-19,8.874190330505371,9.128857322461492,8.844804923109402,9.011318495224307,624400
2024-01-22,8.991728782653809,9.040702591373027,8.903574432374375,8.962343376483648,829500
2024-01-23,9.079883575439453,9.256191350475117,8.937856907708609,9.070088439572036,547600
2024-01-24,8.972139358520508,9.194484095455332,8.972139358520508,9.158243212030929,409100
2024-01-25,8.903573036193848,9.011316706242443,8.795828432029873,8.991727372649688,372600
2024-01-26,9.040701866149902,9.070087269962837,8.87418924845385,8.972137792150619,337700
2024-01-29,9.109267234802246,9.109267234802246,8.903574070547775,8.97213814726077,207300
2024-01-30,9.158241271972656,9.187625740575397,9.011317060728116,9.030907329206887,236700
2024-01-31,9.01131820678711,9.24639585373704,9.01131820678711,9.158242436717465,428300
2024-02-01,8.678290367126465,9.197421296214003,8.453007873991291,9.030907742976936,3415300
2024-02-02,8.550957679748535,8.619522698563255,8.139572237438195,8.33547028951826,2312700
2024-02-05,8.795829772949219,8.854599650917674,8.453008442832381,8.482392914758847,1050400
2024-02-06,8.786035537719727,8.854599616654681,8.65870158104373,8.766445267100874,612200
2024-02-07,8.883983612060547,8.893778746844706,8.663598684109768,8.815419536802366,507500
2024-02-08,9.030906677246094,9.050496010195253,8.859495576893044,8.893777610140585,332600
2024-02-09,8.972139358520508,9.0700888534329,8.89378013623684,9.0700888534329,442000
2024-02-12,9.207216262817383,9.270883709472097,8.88398426413886,8.88398426413886,527100
2024-02-13,8.815420150756836,9.011318189506104,8.648906584291074,9.001523054039756,1183700
2024-02-14,8.923163414001465,8.962343019887266,8.78603526045891,8.962343019887266,570700
2024-02-15,9.236601829528809,9.265986302432271,9.030908650973467,9.030908650973467,425000
2024-02-16,9.217011451721191,9.27088376318491,9.040702748105776,9.197422114717002,430900
2024-02-20,9.079883575439453,9.1680369958995,9.026011262284227,9.099472913058717,659400
2024-02-21,8.501983642578125,9.079883581525104,8.48239337083016,9.079883581525104,456800
2024-02-22,8.550957679748535,8.585240656213692,8.257111068686234,8.511778069332522,1176400
2024-02-23,8.54116153717041,8.57054600477734,8.389339763951279,8.521571269355535,567800
2024-02-26,8.668496131896973,8.73706020620913,8.453007840196038,8.511776779859186,791300
2024-02-27,8.923163414001465,9.021112895773708,8.590137231029908,8.717470249572143,703400
2024-02-28,8.913370132446289,8.967241512273407,8.766445894634082,8.82521577658208,527400
2024-02-29,9.079883575439453,9.1680369958995,8.977036517062709,9.050498167837201,556300
2024-03-01,8.159159660339355,8.178749928006617,6.98377068964955,7.7183889130951,3332300
2024-03-04,7.8261332511901855,7.924082729659621,7.737979374448513,7.757569176730854,1302200
2024-03-05,7.65962028503418,7.953467323861945,7.6400304824456615,7.835928508330839,1140100
2024-03-06,7.65962028503418,7.7624668653883315,7.573424779998514,7.708594557976606,751000
2024-03-07,7.875108242034912,7.8946985120008915,7.718389818769022,7.767364092510741,671700
2024-03-08,7.956741809844971,8.123941647819285,7.89281196346134,7.937070799276035,669900
2024-03-11,8.064929962158203,8.182953217647489,7.8760931285615285,7.937071200886779,756900
2024-03-12,8.104269027709961,8.261633329146624,7.9665757329354925,8.064927952350795,789700
2024-03-13,8.123942375183105,8.37965990768206,8.084601288488305,8.182953536242561,892700
2024-03-14,7.956741809844971,8.202623814164207,7.907565221388041,8.202623814164207,670100
2024-03-15,8.0747652053833,8.178035198841478,7.868224280501519,7.868224280501519,1064900
2024-03-18,7.937069892883301,8.133776224247667,7.819046656843863,8.133776224247667,835500
2024-03-19,7.907564640045166,8.01575237632441,7.878059064326343,7.878059064326343,619900
2024-03-20,8.114104270935059,8.202621922146962,7.789540175134872,7.858386820315156,714700
2024-03-21,8.153447151184082,8.291141410011866,8.050177160537295,8.123941573565771,586600
2024-03-22,8.0059175491333,8.123940786132241,7.961658718013034,8.123940786132241,563800
2024-03-25,7.878059387207031,8.074764796670019,7.848553341296238,8.015752704848433,832700
2024-03-26,7.8092122077941895,8.005918084939879,7.8092122077941895,7.937070488608798,636600
2024-03-27,8.241964340209961,8.30097549199701,7.8190470212196095,7.878059110972004,889000
2024-03-28,8.281306266784668,8.281306266784668,8.114106423030442,8.222294171003288,687300
2024-04-01,8.300975799560547,8.41899998343831,8.19770581112423,8.379658901467515,633000
2024-04-02,8.232129096984863,8.300975755577621,8.153446933460176,8.251800106848723,328000
2024-04-03,8.22229290008545,8.281304986745345,8.133776177043552,8.153446247286652,1018600
2024-04-04,8.261634826660156,8.369823506982186,8.202623671907588,8.310811414264226,414600
2024-04-05,8.261634826660156,8.286223589444887,8.168200341974359,8.202623671907588,541200
2024-04-08,8.22229290008545,8.36490489570044,8.212458333946548,8.340316135439943,289900
2024-04-09,8.143610954284668,8.27638744923735,8.104269874813353,8.222293113227297,709600
2024-04-10,7.61250638961792,7.956741560043783,7.504318648781548,7.956741560043783,621600
2024-04-11,7.681353569030762,7.720694651232037,7.573165358485908,7.632177450770514,611500
2024-04-12,7.563330173492432,7.976411528471567,7.548577385203133,7.8092121668999255,460800
2024-04-15,7.445306777954102,7.691188766366267,7.445306777954102,7.632177145425268,623500
2024-04-16,7.366623878479004,7.4158004619571845,7.28794172010004,7.356788843172962,690000
2024-04-17,7.366623878479004,7.504318124624847,7.345969882251924,7.405965426651143,611800
2024-04-18,7.29777717590332,7.425635916910989,7.224012301176132,7.3961298732235825,837800
2024-04-19,7.366623878479004,7.450223789002317,7.268271180505299,7.268271180505299,684000
2024-04-22,7.415801525115967,7.484648658059087,7.366624934587634,7.366624934587634,640700
2024-04-23,7.464977741241455,7.533824401748876,7.386295575528575,7.435471694607775,597200
2024-04-24,7.464977741241455,7.548577659557067,7.4158011531795545,7.4158011531795545,718300
2024-04-25,7.278107166290283,7.474812575251093,7.25351887292451,7.464977539294397,1088800
2024-04-26,7.337118148803711,7.376459227163304,7.209259409643711,7.327282644722489,1114000
2024-04-29,7.425636291503906,7.504318453329309,7.396130246328041,7.396130246328041,1143300
2024-04-30,6.983048439025879,7.405965762993615,6.973213403273178,7.386295222505535,739300
2024-05-01,7.228930950164795,7.356789707035608,6.963378399962258,7.012554989214944,801900
2024-05-02,7.238766193389893,7.356789440541785,7.186639235782004,7.2879423118785,669100
2024-05-03,7.425636291503906,7.494482948609795,7.35678916541534,7.35678916541534,735600
2024-05-06,7.514153480529785,7.53874177331796,7.415800778359764,7.464977363936113,270400
2024-05-07,7.504318714141846,7.5928359147805,7.464977631861846,7.514153750220499,435300
2024-05-08,7.464977741241455,7.504318824097896,7.317448446038453,7.405966116956795,358900
2024-05-09,7.996081829071045,8.000999581058931,7.4944823818901565,7.769870396437385,806400
2024-05-10,8.045259475708008,8.202623808285065,7.976411876731489,7.976411876731489,695300
2024-05-13,8.173117637634277,8.291140878507022,8.099352291369138,8.163282133070213,744400
2024-05-14,8.182952880859375,8.340317215035068,8.064929630227606,8.281306058701892,857600
2024-05-15,8.143610954284668,8.330481785247402,8.114105379172512,8.261634192698612,501600
2024-05-16,8.153447151184082,8.207541491788819,8.123941573565771,8.143611645989512,390200
2024-05-17,8.09443473815918,8.187870157885028,8.079682418915612,8.163282333835504,327700
2024-05-20,8.03542423248291,8.07476531691017,7.9518243108293,8.07476531691017,388300
2024-05-21,8.064929962158203,8.089518726613548,8.00100105050522,8.00591880339629,455900
2024-05-22,8.084599494934082,8.104269564934965,8.030505160992403,8.064928486967913,463200
2024-05-23,7.996081829071045,8.227210544709948,7.981328573107389,8.104269558908669,376400
2024-05-24,8.055092811584473,8.133775903809603,7.996081664872206,7.996081664872206,323500
2024-05-28,7.89772891998291,8.064928741102856,7.882976601508707,8.055093236809844,351900
2024-05-29,7.917400360107422,7.981329265565821,7.760035565720651,7.760035565720651,415000
2024-05-30,7.956741809844971,8.10427063725035,7.937070799276035,7.9862473877329645,317500
2024-05-31,7.981436252593994,8.090094081290356,7.922168688592686,8.001192735288393,451400
2024-06-03,7.932045936584473,8.090094028953434,7.843144120137167,8.090094028953434,372300
2024-06-04,7.862900257110596,7.912290522273993,7.828327354108503,7.8925340393922525,337300
2024-06-05,7.991314888000488,8.020948671462412,7.833266315795077,7.902412595573725,510100
2024-06-06,8.0308256149292,8.070337633837402,7.892533077730069,8.011069134454678,345000
2024-06-07,8.001193046569824,8.030826829723361,7.853022246720172,7.9320462964902605,470000
2024-06-10,8.050582885742188,8.099973155515785,7.8777178835756345,7.932046803510176,275300
2024-06-11,8.149361610412598,8.22838564763515,7.951801517356216,7.981435295804466,516400
2024-06-12,7.9715576171875,8.41606903542843,7.966618496758057,8.337044050598234,639200
2024-06-13,7.961680889129639,8.016009333666439,7.793754079633301,7.951802647562596,488100
2024-06-14,7.902412414550781,7.951802680549918,7.853022148551645,7.9122906561588024,517700
2024-06-17,7.8036322593688965,7.932046101579588,7.78387624741183,7.78387624741183,549100
2024-06-18,7.991314888000488,8.080217180427251,7.9122908374080305,7.95180286270426,423700
2024-06-20,8.20863151550293,8.228387057172311,7.902412612279078,7.98143666303859,537500
2024-06-21,8.139483451843262,8.238263970382087,8.070337654090588,8.238263970382087,718000
2024-06-24,8.267898559570312,8.287655042031,8.15924073215933,8.178996272579083,295400
2024-06-25,8.149361610412598,8.267897666246427,8.090093111475268,8.238263887798178,310800
2024-06-26,8.198752403259277,8.248142665250896,8.080216339703927,8.169118622880664,649000
2024-06-27,8.258020401000977,8.258020401000977,8.109850549226401,8.1888745957783,440400
2024-06-28,8.376557350158691,8.46545964737234,8.258021267887507,8.337045322734964,2317300
2024-07-01,8.090093612670898,8.514848545587062,8.055520711999284,8.376556000859711,893900
2024-07-02,8.159241676330566,8.164180797517284,8.025888230412328,8.060461136678306,350500
2024-07-03,8.198752403259277,8.218507942831389,8.129605659654652,8.188874162452775,271500
2024-07-05,8.119728088378906,8.188873887622,8.084166987893516,8.169118348712914,341400
2024-07-08,8.258020401000977,8.31234978627076,8.183935475113689,8.22838661905425,682500
2024-07-09,8.692654609680176,8.702532852157837,8.248144060636978,8.297533388943181,572600
2024-07-10,8.742042541503906,8.751919839298308,8.554359752798273,8.633383787398287,748400
2024-07-11,9.16679859161377,9.186555075809373,8.840824138714428,8.840824138714428,711700
2024-07-12,9.334725379943848,9.428566800222587,9.196433752207874,9.255701323511559,614100
2024-07-15,9.50265121459961,9.571797024678203,9.354481352419477,9.40387162049319,468300
2024-07-16,10.006429672241211,10.02618521309896,9.581674710328638,9.601431193227342,703100
2024-07-17,9.83850383758545,10.184234769619353,9.744662423112075,9.996551940672605,615700
2024-07-18,9.700210571289062,10.036063236957805,9.660698548389265,9.779234617088656,1203500
2024-07-19,9.621186256408691,9.838502847300235,9.542162212819203,9.70021029999818,547700
2024-07-22,9.700210571289062,9.749600835424042,9.482894916360646,9.601430985060036,322100
2024-07-23,9.798991203308105,9.887893491284157,9.655759530004259,9.700210673992284,407300
2024-07-24,9.660698890686035,10.026185350969266,9.660698890686035,9.798991446755759,877800
2024-07-25,9.92740535736084,9.996551161562138,9.670576738840401,9.670576738840401,544300
2024-07-26,10.045942306518555,10.115088116784296,9.887894201887708,10.016308522410524,412000
2024-07-29,9.83850383758545,10.08545423416938,9.784174448883864,10.045942208397591,526500
2024-07-30,9.769357681274414,9.9471613199166,9.7051500528984,9.91752753714973,426300
2024-07-31,9.848381996154785,9.912588684224945,9.675516531601444,9.808869970717536,684500
2024-08-01,9.5322847366333,9.838503636641116,9.438444266117553,9.838503636641116,533400
2024-08-02,9.226065635681152,9.364357234904938,9.176675375083715,9.27545589627859,427000
2024-08-05,8.791433334350586,8.998871695554142,8.588934093894848,8.988994396099464,713400
2024-08-06,8.613629341125488,8.791432970483044,8.574117318819262,8.791432970483044,565800
2024-08-07,8.48521614074707,8.821068845211352,8.465459655994563,8.7222883055309,443700
2024-08-08,8.672897338867188,8.682775580449775,8.50497100012708,8.53460572487484,356700
2024-08-09,9.186553955078125,9.947160605037915,8.959359124750826,9.947160605037915,526600
2024-08-12,9.611309051513672,9.724906950704792,9.235945275021223,9.28533460105796,659000
2024-08-13,9.710088729858398,9.759478993572898,9.591552662168151,9.680454948446068,550300
2024-08-14,9.581674575805664,9.769357392544531,9.53228431129328,9.769357392544531,283800
2024-08-15,9.769357681274414,9.779234980836058,9.601431342193873,9.769357681274414,489800
2024-08-16,9.887893676757812,9.907649217766977,9.63106504935193,9.710089097470515,368000
2024-08-19,10.194110870361328,10.22374559273488,9.848380921037894,9.848380921037894,782600
2024-08-20,9.976795196533203,10.213867322595076,9.91752669399729,10.213867322595076,567200
2024-08-21,9.976795196533203,10.026184516265428,9.670576327172615,9.710088348182929,486700
2024-08-22,9.878016471862793,10.016309041603654,9.868138229301076,9.937284985192036,574400
2024-08-23,10.223745346069336,10.223745346069336,9.957038503387466,10.016307004663727,598500
2024-08-26,9.966917991638184,10.31264797590012,9.942222387164554,10.31264797590012,237600
2024-08-27,9.78911304473877,9.922466477830396,9.759479262509837,9.887893574889816,279300
2024-08-28,9.64094352722168,9.878015677389184,9.576735897775698,9.789113385566123,241100
2024-08-29,9.83850383758545,9.907649647175829,9.631065466773308,9.749601544088673,360900
2024-08-30,9.962413787841797,9.972326864080921,9.724505630280692,9.863284916176513,256000
2024-09-03,9.873198509216309,9.902936794127315,9.516336254195128,9.902936794127315,673300
2024-09-04,9.982239723205566,10.155714788594096,9.912850075195376,9.912850075195376,311400
2024-09-05,9.982239723205566,10.090289993223616,9.912850075195376,10.041717239616482,199200
2024-09-06,9.893023490905762,10.031803726251997,9.863285206675501,9.992152365490645,382700
2024-09-09,9.9326753616333,10.036759824558198,9.883110926513506,9.883110926513506,275400
2024-09-10,10.021890640258789,10.081368154026165,9.86328519736313,9.932675787652238,383400
2024-09-11,10.041716575622559,10.081367935486929,9.847424628678244,10.002065215758188,259100
2024-09-12,10.071455955505371,10.140845606480662,9.888068750681219,10.140845606480662,464600
2024-09-13,10.408492088317871,10.54727232315946,10.200322208736994,10.200322208736994,300000
2024-09-16,10.44814395904541,10.477882244619448,10.383710849407821,10.43823088206638,403500
2024-09-17,10.64639949798584,10.666225649571732,10.487794066750459,10.487794066750459,435500
2024-09-18,10.418405532836914,10.676139858634315,10.408492455991697,10.577010980908225,430900
2024-09-19,10.844656944274902,10.854570020668636,10.40849198194365,10.656313219608975,778000
2024-09-20,10.745529174804688,10.844657104114063,10.62657509241563,10.844657104114063,1085900
2024-09-23,10.666227340698242,10.874397238540677,10.64640118596892,10.805006642351138,342900
2024-09-24,10.80500602722168,10.849613927460036,10.626575371631294,10.695965018507385,440600
2024-09-25,10.795093536376953,10.854570104472549,10.745529099388621,10.844657028002281,509400
2024-09-26,10.676139831542969,10.904134926226167,10.676139831542969,10.904134926226167,396900
2024-09-27,10.725703239440918,10.874396554467754,10.705878031321825,10.755442469664104,185700
2024-09-30,10.61666202545166,10.78022400705452,10.517533150689863,10.705877823664677,259800
2024-10-01,10.695964813232422,10.715790966452541,10.477881854626204,10.596835937857865,338600
2024-10-02,10.6563138961792,10.765354907344285,10.59683637940357,10.626575610472914,545200
2024-10-03,10.844656944274902,10.864483097062367,10.646400143215242,10.646400143215242,205300
2024-10-04,10.953699111938477,11.039940798482192,10.785180591342268,10.844657160162685,881900
2024-10-07,10.884308815002441,11.062740417006758,10.824832244576365,11.013175978076331,225000
2024-10-08,10.884308815002441,10.933873253932868,10.84465745293071,10.923961122437216,170100
2024-10-09,10.92396068572998,10.968567639084764,10.874396248780991,10.874396248780991,174200
2024-10-10,10.953699111938477,11.042914910532119,10.904134674346118,10.963612188529552,207400
2024-10-11,11.023088455200195,11.112304251348375,11.013175378880844,11.023088455200195,168600
2024-10-14,11.092477798461914,11.132129157303059,10.98343679798951,11.082565667773851,194600
2024-10-15,11.102392196655273,11.176738385165656,11.072653910323735,11.112305273886811,181200
2024-10-16,11.310561180114746,11.370038693347242,11.151955738645425,11.151955738645425,346000
2024-10-17,11.151955604553223,11.360125480319402,11.082565961085493,11.360125480319402,401800
2024-10-18,11.191607475280762,11.251084990512924,11.003263743544473,11.171782267112063,423900
2024-10-21,11.082566261291504,11.211433420767337,10.973524309616483,11.211433420767337,222600
2024-10-22,11.171782493591309,11.25108521859983,11.067697076165716,11.102391900186563,277100
2024-10-23,10.854570388793945,11.191607434707247,10.710834557662112,11.09247855813403,361900
2024-10-24,10.983437538146973,10.993350614866028,10.86943999196693,10.923960968558703,187100
2024-10-25,11.023088455200195,11.122217327667727,10.90413437545695,11.033001531519545,266400
2024-10-28,11.102392196655273,11.270910728139118,11.077610448939504,11.112305273886811,264600
2024-10-29,11.241170883178711,11.260996089529874,11.023087941138238,11.042914092852348,207800
2024-10-30,11.151955604553223,11.360125480319402,11.142042528239836,11.241171400647726,144400
2024-10-31,10.953699111938477,11.241171715538535,10.9437860353474,11.171782070127044,152800
2024-11-01,10.795093536376953,11.072653060003407,10.785180459906686,11.023088623015076,244900
2024-11-04,10.755441665649414,10.844656513560691,10.676138948375193,10.755441665649414,192200
2024-11-05,11.033000946044922,11.033000946044922,10.715790083562641,10.715790083562641,203700
2024-11-06,11.330387115478516,11.49890563014549,11.151955524569253,11.399776758448569,501500
2024-11-07,11.260997772216797,11.345257038866404,11.171782912261115,11.330388368222,473400
2024-11-08,11.578208923339844,11.786378807932874,11.122217792581925,11.38986424685123,1171600
2024-11-11,12.123414993286133,12.123414993286133,11.389864326401822,11.647598651100537,1752000
2024-11-12,11.974722862243652,12.269134442567264,11.607947521464297,11.74672776339286,1076400
2024-11-13,11.697163581848145,12.177936482661176,11.677337427408146,12.143241657754256,623100
2024-11-14,11.796290397644043,11.915245422260504,11.672379780251298,11.756639037892883,654400
2024-11-15,11.92515754699707,11.999503728321598,11.746726900890804,11.865680980082644,612500
2024-11-18,11.994548797607422,12.109537085419085,11.87559376648667,11.895419920127807,535900
2024-11-19,12.192805290222168,12.272108011998977,11.746727243886859,11.776465528212409,691000
2024-11-20,13.025484085083008,13.025484085083008,12.18784806967242,12.192804607676383,2971800
2024-11-21,13.481475830078125,13.55086547474103,12.856966192022966,13.13452571603759,1761200
2024-11-22,13.669819831848145,13.699558116536625,13.421998586930401,13.610342317108154,836000
2024-11-25,13.86807632446289,14.08615927975045,13.739209166582196,13.798686679974441,2822300
2024-11-26,13.798686981201172,13.877989703880017,13.704514643508912,13.778860827849948,677100
2024-11-27,14.046507835388184,14.081202657425203,13.768948313729021,13.768948313729021,596100
2024-11-29,14.011727333068848,14.19059979868114,13.952102546062191,14.071351172371665,587700
2024-12-02,14.011727333068848,14.17072550148148,13.96204016851394,14.130975959378322,1176700
2024-12-03,13.862666130065918,14.150850553282202,13.82291658712932,14.130976255665834,1132800
2024-12-04,13.812978744506836,14.111100785635843,13.683793442797981,13.872603531814175,1210800
2024-12-05,13.61423110961914,13.922290774983985,13.59435681220739,13.842791689929287,891600
2024-12-06,13.157111167907715,13.790123332789204,13.142205681467619,13.733480020286786,613000
2024-12-09,13.20679759979248,13.266422385349657,13.087548976381944,13.236609518719161,830400
2024-12-10,13.256485939025879,13.435359363860153,13.02792534643721,13.196861148179822,584400
2024-12-11,13.5347318649292,13.609262137825953,13.286296990137465,13.335984154636579,511400
2024-12-12,13.196860313415527,13.663918144436995,13.176986016193252,13.485044730917318,639800
2024-12-13,13.167048454284668,13.335984246118212,12.998112662451122,13.286297081278256,535200
2024-12-16,13.226673126220703,13.266422668205054,13.067674010579461,13.127298797407907,682800
2024-12-17,13.405545234680176,13.475107642080149,12.69999017244944,13.117360826034034,1682100
2024-12-18,12.779489517211914,13.84279141736376,12.699990433722558,13.43535837755485,891400
2024-12-19,12.64036750793457,13.01798865563541,12.456525271772149,12.898739074084494,650900
2024-12-20,12.809303283691406,13.047800550905336,12.441619759810624,12.441619759810624,868100
2024-12-23,12.64036750793457,12.968301487939843,12.560868418703226,12.8888023987085,533700
2024-12-24,12.739740371704102,12.789427537356298,12.630429365432356,12.630429365432356,173800
2024-12-26,12.868926048278809,12.908675589483611,12.58074163761803,12.660240720027636,329000
2024-12-27,12.5211181640625,12.898738342646034,12.491305296513396,12.769553040748631,495800
2024-12-30,12.35218334197998,12.531055822800257,12.203121835641843,12.421744809648759,633900
