Date,Close,High,Low,Open,Volume
,PX,PX,PX,PX,PX
2021-10-21,11.593086242675781,12.188095529855513,10.815735768793456,11.535505200657767,6070400
2021-10-22,11.516311645507812,11.612281275314064,11.238000817350741,11.516311645507812,851700
2021-10-25,11.996158599853516,12.17849980786821,11.516312255859376,11.525909402395483,1119000
2021-10-26,11.98656177520752,12.188097281706515,11.525909711915128,11.996158922001351,682200
2021-10-27,11.852205276489258,12.624757281892569,11.737041346447665,11.852205276489258,330100
2021-10-28,11.717846870422363,12.072933028285561,11.612281012214666,11.919382356261929,331400
2021-10-29,11.996158599853516,12.207291247476531,11.61228189075191,11.631475268589856,384700
2021-11-01,11.66026496887207,12.20729038472355,11.516311441941482,11.890591893288894,491600
2021-11-02,11.82341194152832,11.976962603329861,11.564295428546755,11.564295428546755,93400
2021-11-03,11.756235122680664,12.140111821817355,11.58349015045203,11.689056929140303,191500
2021-11-04,11.919381141662598,11.996156469850915,11.564295019983103,11.564295019983103,121600
2021-11-05,11.996158599853516,12.09212823474605,11.727444903482391,11.727444903482391,85800
2021-11-08,11.98656177520752,12.09212855947108,11.756235743561325,11.861801612590591,267100
2021-11-09,12.063335418701172,12.092126855024368,11.813816043872631,11.823412274079532,209400
2021-11-10,12.044143676757812,12.274469707180517,11.861801549580788,11.861801549580788,334600
2021-11-11,12.140111923217773,12.236081556420656,11.64107221017184,11.813817183843327,167000
2021-11-12,12.907867431640625,13.435698632388469,12.120919661761432,12.120919661761432,563200
2021-11-15,13.42609977722168,14.07869106351171,13.138191802962302,13.291743393739065,389700
2021-11-16,13.397309303283691,13.896349000619105,13.301339673102078,13.426099826244487,284000
2021-11-17,13.397309303283691,13.69769283629144,13.243758627180487,13.445294118374498,209200
2021-11-18,13.46448802947998,13.809977979653885,12.92706064179609,13.368519310724988,372600
2021-11-19,13.387711524963379,13.670820913871218,13.061415896036772,13.349323857750495,176900
2021-11-22,13.368518829345703,14.34740485071035,13.358921683245503,14.08828831264456,329300
2021-11-23,12.696733474731445,13.33972763127667,12.380034969595348,13.33972763127667,449800
2021-11-24,12.955851554870605,12.984642079838052,12.571974837857043,12.571974837857043,75600
2021-11-26,12.735122680664062,12.831091402370149,12.597886044925271,12.783106583899961,31700
2021-11-29,12.639152526855469,12.869478547812218,12.408826505898718,12.869478547812218,274800
2021-11-30,13.214967727661133,13.243758249801546,12.523988789651835,12.68713660717117,334600
2021-12-01,13.454891204833984,13.723604886824182,13.301339614176793,13.320533906221774,298600
2021-12-02,13.771589279174805,13.800379801124732,13.349324019482982,13.6084414627349,472100
2021-12-03,13.771589279174805,14.011512430970644,13.639151230783597,13.81957317734662,365800
2021-12-06,13.915542602539062,14.299419273756815,13.531665931321312,13.915542602539062,416600
2021-12-07,14.404985427856445,14.680416904778642,13.925139151767162,13.925139151767162,228200
2021-12-08,14.136271476745605,14.424179438123563,13.656425179527071,14.404986062156594,188600
2021-12-09,13.800381660461426,14.248558175721113,13.301340998177514,13.953932351861301,145500
2021-12-10,13.46448802947998,14.01151347884391,13.042223653442639,13.867559027860029,145000
2021-12-13,12.946252822875977,13.618037453007238,12.533585631425813,13.426099118003188,174600
2021-12-14,12.715927124023438,13.147788616886828,12.504794492868417,12.706329978235892,161400
2021-12-15,12.888671875,13.358921028034882,12.581569621495557,12.72552406023538,461400
2021-12-16,12.504796028137207,13.138193084133015,12.495199796405686,12.87907652269578,570600
2021-12-17,12.197693824768066,12.994238664544742,11.833010501761333,12.43761699133295,1412600
2021-12-20,11.650670051574707,12.207291760795204,11.650670051574707,11.669863430219738,643500
2021-12-21,11.804220199584961,12.034546224153871,11.602684699278598,11.708250565064116,517600
2021-12-22,11.919381141662598,12.053738423609206,11.78502385971599,11.78502385971599,194700
2021-12-23,12.092129707336426,12.284068085261655,11.900190414176816,11.928981857291385,228600
2021-12-27,12.140111923217773,12.399229383725004,11.996158388647702,12.178499593452075,91400
2021-12-28,12.226484298706055,12.312856784755198,12.101724142772209,12.101724142772209,189700
2021-12-29,12.619956970214844,12.811896217022833,12.024947684718892,12.245677452454416,193300
2021-12-30,12.994237899780273,13.061416089589768,12.543182116919194,12.648748889744622,169000
2021-12-31,13.416502952575684,13.46448776864073,13.003835730978466,13.003835730978466,130700
2022-01-03,13.118997573852539,13.618037236945376,12.850283909110244,13.541261904161862,174800
2022-01-04,12.888671875,13.128595024332187,12.59116676712505,13.118997878702695,253900
2022-01-05,12.667943000793457,13.051820616110984,12.476004650751817,12.82149368082677,132200
2022-01-06,12.543182373046875,12.797501249315374,12.293662984987563,12.61995771017808,122100
2022-01-07,12.571974754333496,12.667943475332162,12.389632628537752,12.533587082887173,65300
2022-01-10,12.226484298706055,12.543182804063418,12.13051558161142,12.543182804063418,220900
2022-01-11,12.47600269317627,12.610359974740907,12.159304236491293,12.159304236491293,86100
2022-01-12,12.619956970214844,12.898267779805437,12.293662264156413,12.53358540743224,156800
2022-01-13,12.955851554870605,13.128596535143853,12.428020382551242,12.629555887791934,162900
2022-01-14,12.763912200927734,12.927060021743445,12.476004228003879,12.850284684328312,114700
2022-01-18,12.284066200256348,12.735122005591347,12.2552756767941,12.591167557811628,68200
2022-01-19,12.207290649414062,12.654507039369015,12.18809635728222,12.32245365650245,60200
2022-01-20,12.120916366577148,12.322451827883052,12.092125847886043,12.312854683241321,67300
2022-01-21,11.756235122680664,12.16890326067829,11.746637976393686,12.044143104650304,300300
2022-01-24,11.61228084564209,11.888671502179418,11.545101741169754,11.61228084564209,193900
2022-01-25,11.535506248474121,11.660265489256924,11.314776460064195,11.516311955901848,283400
2022-01-26,11.199614524841309,11.676581575165471,11.113242030447857,11.612282702394761,182800
2022-01-27,11.23799991607666,11.39155057926471,10.969286255497572,11.314775247670685,125700
2022-01-28,11.314774513244629,11.389630593975122,10.978881772897482,11.237999186633981,188600
2022-01-31,11.593086242675781,11.660264430108185,11.420341286153414,11.631473909099178,259200
2022-02-01,12.063335418701172,12.120917376113399,11.372357421159444,11.631473941429052,238100
2022-02-02,12.188096046447754,12.303259050599126,11.842607033993636,12.207290338090083,151700
2022-02-03,12.005756378173828,12.188097595783946,11.957771558202435,12.092128871075474,138800
2022-02-04,12.149709701538086,12.285986258290116,11.94145637375723,12.04414383171143,182400
2022-02-07,12.092129707336426,12.305180711931085,11.986562913051765,12.207292734091563,202000
2022-02-08,12.044143676757812,12.2360820354434,12.015353151763545,12.09212849523778,126700
2022-02-09,12.063335418701172,12.168902188084559,11.967366709993014,12.120917376113399,127700
2022-02-10,11.996158599853516,12.13051590565621,11.919383258033195,11.996158599853516,131000
2022-02-11,12.024949073791504,12.101724415289807,11.871398390794898,11.996158549538206,160100
2022-02-14,11.717846870422363,12.092127319905615,11.641071534410546,12.053739651899708,109400
2022-02-15,12.236080169677734,12.236080169677734,11.795581635019248,11.813815844956586,82300
2022-02-16,12.77350902557373,13.013432177768898,12.188095948467641,12.207290239955666,81400
2022-02-17,12.523988723754883,12.879074879065628,12.523988723754883,12.744717584393646,107700
2022-02-18,12.30325984954834,12.571974458585535,12.264872179005064,12.543183019252382,82100
2022-02-22,11.765833854675293,12.226485955722433,11.5067163614105,12.14971060554791,125000
2022-02-23,12.101722717285156,12.34164585461207,11.708248918506483,11.861799579958245,146800
2022-02-24,11.804220199584961,12.024949077654934,11.343567235212875,11.794623053086024,177100
2022-02-25,11.976963996887207,12.034545959379697,11.669862637551919,11.880995279712051,179500
2022-02-28,11.938577651977539,12.061418575438896,11.660266785382943,11.900189977800158,272000
2022-03-01,11.429940223693848,13.16698446098449,11.381955404332412,12.101724949051011,419000
2022-03-02,11.804220199584961,11.986561406893449,11.449134016232657,11.45873024749733,240800
2022-03-03,11.669861793518066,12.06813418331343,11.564295937690272,11.775428564580038,233500
2022-03-04,11.602684020996094,11.61228116693399,11.343566572078144,11.5834897291203,333400
2022-03-07,11.516311645507812,12.168902931628205,11.238000817350741,11.53550593756275,375600
2022-03-08,11.324373245239258,11.698652786121142,11.266791284592852,11.516311588670252,118600
2022-03-09,11.708250045776367,11.72744433792293,11.420342070217476,11.487521177496227,109500
2022-03-10,11.410746574401855,11.660265981740416,11.32437408464708,11.50671529561383,89600
2022-03-11,11.22840404510498,11.47792435872013,11.151628704797895,11.429939542219639,130300
2022-03-14,11.199614524841309,11.410747187221485,10.988481862461132,11.180420230427504,153800
2022-03-15,11.353164672851562,11.41074663808755,11.151629167377038,11.285986476104817,179600
2022-03-16,11.487521171569824,11.717847185804422,11.29078425334016,11.391551541354962,258500
2022-03-17,11.727445602416992,11.794623801704905,11.516312942210849,11.516312942210849,109700
2022-03-18,11.420342445373535,11.976964122629669,11.420342445373535,11.679459906458764,321600
2022-03-21,11.62187671661377,11.765831151544083,11.449132676025213,11.487520342293132,126400
2022-03-22,11.785025596618652,11.813817035358195,11.583490101613053,11.679459733609715,140000
2022-03-23,11.785025596618652,12.092127869867427,11.669862587363202,11.746637926866835,99100
2022-03-24,11.900188446044922,12.024948599871257,11.756234915217583,11.900188446044922,142600
2022-03-25,11.900188446044922,11.996158076752634,11.823413107572444,11.823413107572444,110300
2022-03-28,11.861802101135254,11.94817459536852,11.804221048469296,11.890593542702563,93800
2022-03-29,11.679460525512695,12.072934395956104,11.631475706260847,11.890593181080245,356100
2022-03-30,11.679460525512695,11.93857708509779,11.607483754252074,11.679460525512695,113100
2022-03-31,11.631474494934082,11.804219460156983,11.602683972475,11.698652685750007,108800
2022-04-01,11.785025596618652,11.91938289836713,11.573893870600779,11.631474917611385,146800
2022-04-04,11.880992889404297,12.034543538179463,11.660263145364448,11.785023276302788,232800
2022-04-05,11.410746574401855,11.86180148609013,11.238001594892305,11.833010961249965,261700
2022-04-06,10.92130184173584,11.3339699504913,10.911704696128927,11.3339699504913,158700
2022-04-07,11.046062469482422,11.15162833004857,10.671782011637353,10.796542164252376,182200
2022-04-08,11.094048500061035,11.33397168555753,10.94049689254645,10.988481712692613,93100
2022-04-11,10.978882789611816,11.380994583849832,10.858921216269215,11.20920970600758,92600
2022-04-12,10.930899620056152,11.151628490386523,10.815736611809754,10.97888352039981,91300
2022-04-13,11.33397102355957,11.33397102355957,10.796542716734594,10.85412468059359,81500
2022-04-14,11.22840404510498,11.506714882526724,11.094047657184708,11.410746164759994,129400
2022-04-18,10.959689140319824,11.209209426302314,10.950091995035693,11.12283694921344,75700
2022-04-19,11.314774513244629,11.333968802514335,10.882913072251217,10.882913072251217,120400
2022-04-20,11.641071319580078,11.717846654175041,11.401148170162271,11.410745315795188,151400
2022-04-21,11.372358322143555,11.986561035285789,11.190016205253777,11.708250202084654,262500
2022-04-22,11.420342445373535,11.573894041887515,11.074853412494152,11.314776580802288,392200
2022-04-25,11.727445602416992,11.804220948812985,11.372359396526942,11.372359396526942,195300
2022-04-26,11.717846870422363,12.082530174095588,11.381954088945019,11.669862056606428,193800
2022-04-27,11.602684020996094,11.938575891714583,11.487521015443965,11.765831841003497,221100
2022-04-28,11.756235122680664,11.890592424995628,11.497117664337715,11.660265490279368,254500
2022-04-29,11.61228084564209,11.928979330956494,11.497116928042137,11.708249556663135,746400
2022-05-02,11.746637344360352,11.77542878167215,11.497117045729937,11.61228096450874,138200
2022-05-03,11.669861793518066,11.794621940533192,11.634353453102515,11.794621940533192,77200
2022-05-04,11.957768440246582,11.957768440246582,11.535504148118086,11.66986051072375,113300
2022-05-05,11.698652267456055,11.823412413963457,11.487520556659689,11.804219038088412,112400
2022-05-06,11.765833854675293,11.804221529762554,11.42034386365557,11.650670829413508,112800
2022-05-09,10.882912635803223,11.727442109885443,10.710167700239982,11.621875353603883,252400
2022-05-10,10.316694259643555,11.103641807969368,10.249516078269618,10.92130063771122,224300
2022-05-11,10.422262191772461,10.6621853621513,10.105563680091134,10.33589061923286,175100
2022-05-12,10.595006942749023,10.8493258274444,10.143951135731765,10.374278069991494,188700
2022-05-13,10.748557090759277,10.98848024419245,10.575813042646647,10.882914386166165,170500
2022-05-16,10.806138038635254,10.978882070575901,10.662183610911585,10.758153229394031,103800
2022-05-17,10.950093269348145,11.079652000058797,10.758154917499542,11.007675232519853,134000
2022-05-18,11.046062469482422,11.122837807209478,10.844526979140342,10.873317501979434,146200
2022-05-19,10.729362487792969,11.190014450409107,10.604602352442575,10.950091324404678,96000
2022-05-20,10.930899620056152,10.959690143309194,10.75815465006944,10.873317658315838,129300
2022-05-23,11.026867866516113,11.209209974902157,10.863720049637735,10.921302008926537,105900
2022-05-24,10.834930419921875,10.95969057929375,10.585410101178129,10.921302908351192,59200
2022-05-25,10.767751693725586,10.940495746833587,10.67178206348341,10.844527031825637,117500
2022-05-26,11.209211349487305,11.39155256499965,10.844528003228307,10.844528003228307,95600
2022-05-27,11.218831062316895,11.64218369726716,11.180344542556963,11.31504782051223,118400
2022-05-31,11.064884185791016,11.209208395091043,10.862829742216412,11.209208395091043,83100
2022-06-01,11.016777992248535,11.257319000453048,10.853210033262174,11.151481287175868,109400
2022-06-02,11.401643753051758,11.449751218919875,11.03602132338928,11.112994369887582,94700
2022-06-03,11.536345481872559,11.545967341545698,11.247696114815708,11.353534736038144,78100
2022-06-06,10.98791217803955,11.796130027821812,10.882074475840838,11.661426746994426,200900
2022-06-07,11.112993240356445,11.180344419799072,10.856095287923853,10.968668104648101,145900
2022-06-08,10.814722061157227,11.209209114997952,10.554938284214481,11.151479794606677,122900
2022-06-09,10.843587875366211,10.9782902376101,10.641533414409356,10.833966015894212,125900
2022-06-10,10.160451889038086,10.776236240282715,10.160451889038086,10.718506916149064,102500
2022-06-13,9.852560043334961,10.083479204290192,9.708235797135737,9.910290292369359,155800
2022-06-14,10.035368919372559,10.112341951435992,9.775584247965279,9.91990937127741,148600
2022-06-15,10.497208595275879,10.622290019453876,10.035370337625778,10.160451761803776,496800
2022-06-16,10.141206741333008,10.266288149465245,9.881422984128312,10.218179774400395,504000
2022-06-17,10.477965354919434,10.526072816551796,10.112342957449197,10.170072278444438,1091600
2022-06-21,10.574182510375977,10.872453764569697,10.497209461085557,10.497209461085557,353200
2022-06-22,10.189315795898438,10.52607260862801,10.025747860324561,10.362505590645128,497900
2022-06-23,10.016127586364746,10.285533262704377,9.919911732181877,10.102722497443127,93000
2022-06-24,10.160451889038086,10.461608946258439,10.10272164731337,10.10272164731337,143000
2022-06-27,10.477965354919434,10.631911434361426,10.160451336672573,10.23742437639357,292400
2022-06-28,10.833965301513672,10.833965301513672,10.376937100230961,10.593424336120869,197600
2022-06-29,10.554939270019531,10.814723071225437,10.352884794596676,10.814723071225437,120300
2022-06-30,10.699263572692871,10.699263572692871,10.314398339628454,10.381749526016952,92000
2022-07-01,10.98791217803955,11.007154979534302,10.660776294309489,10.67039815385238,69200
2022-07-05,11.411264419555664,11.411264419555664,10.728127960219577,10.805101004855384,143000
2022-07-06,11.305425643920898,11.401642399416193,11.233263536094919,11.334290303533093,142500
2022-07-07,11.603697776794434,11.699913622367944,11.271750953226835,11.401643308221686,80900
2022-07-08,11.459371566772461,11.642183216272569,11.311198058902526,11.642183216272569,36700
2022-07-11,11.305425643920898,11.449749859572856,11.13223585106576,11.449749859572856,42300
2022-07-12,11.401643753051758,11.594076369297511,11.257318602674124,11.324670706553457,58500
2022-07-13,11.064884185791016,11.34391166333776,11.026397668804945,11.295803287707436,36200
2022-07-14,11.016777992248535,11.04564265630756,10.738713012526398,10.949426803580431,60300
2022-07-15,11.478616714477539,11.478616714477539,11.108183357455458,11.161102670627495,69300
2022-07-18,11.51710319519043,11.642184623762049,11.343913383692637,11.603698100939326,112200
2022-07-19,11.459371566772461,11.718193699681898,11.334290153322643,11.55558832099262,268300
2022-07-20,11.449751853942871,11.574833290837617,11.286183891664447,11.40164438540663,344000
2022-07-21,11.459371566772461,11.560399250462725,11.372776671492511,11.468993425712672,78600
2022-07-22,11.257317543029785,11.411263621535538,11.112993323828393,11.411263621535538,81000
2022-07-25,11.09375,11.20920956298804,10.920561114313461,11.20920956298804,133400
2022-07-26,11.064884185791016,11.151479078407409,10.949424634832805,11.151479078407409,70500
2022-07-27,11.247696876525879,11.276562457500113,11.064886118311257,11.151481026051748,79300
2022-07-28,11.324671745300293,11.449752269139626,11.180346581684542,11.324671745300293,117300
2022-07-29,11.382400512695312,11.47861728367177,11.25731907746237,11.382400512695312,81100
2022-08-01,11.728777885437012,11.76726440587587,11.315048020117027,11.382399201487276,311700
2022-08-02,11.555588722229004,11.76726412071765,11.488236624899885,11.719156659528142,87700
2022-08-03,11.757643699645996,11.776886501455643,11.497858993282938,11.497858993282938,98700
2022-08-04,11.767263412475586,11.824993647055765,11.584452685221764,11.738398753980972,44000
2022-08-05,11.65180492401123,11.863481246663861,11.594075601754806,11.719157023431768,26300
2022-08-08,11.680672645568848,11.873105284377395,11.63256425646891,11.728780117077584,33100
2022-08-09,11.748021125793457,11.76726392643335,11.594075050310359,11.748021125793457,65100
2022-08-10,11.901966094970703,11.930830752043024,11.786506549090522,11.786506549090522,51200
2022-08-11,11.78650951385498,12.123267295573006,11.757644849522078,12.017428663700471,114000
2022-08-12,12.892995834350586,13.037320969249068,12.027048695323678,12.11364359274457,482300
2022-08-15,12.527375221252441,13.258619134744576,12.488887781898638,13.008457202082269,232200
2022-08-16,12.5947265625,12.921862460371337,12.460023275849723,12.613969364826572,225000
2022-08-17,12.690943717956543,12.729430244169338,12.354186842992377,12.517754808794548,163000
2022-08-18,12.892995834350586,12.892995834350586,12.55623902143612,12.671698578800308,138200
2022-08-19,12.498510360717773,12.835268133707173,12.46002383674108,12.835268133707173,82500
2022-08-22,12.306076049804688,12.440779324008526,12.200238352810162,12.402292805320428,132900
2022-08-23,12.219482421875,12.440780615497987,12.161753096645407,12.373428512608688,90800
2022-08-24,12.209858894348145,12.29164285858035,12.027048165965489,12.123264918329596,142900
2022-08-25,12.219482421875,12.421536895360736,12.11364471389336,12.267590804627048,95300
2022-08-26,12.51845932006836,12.788503798418095,12.267705046977545,12.508815597084535,268500
2022-08-29,12.258058547973633,12.716168891710076,12.229125543876014,12.489524420281816,175700
2022-08-30,12.026593208312988,12.46059196805317,11.978370919505489,12.393081315580865,112100
2022-08-31,12.036238670349121,12.518459788611771,12.007305660787223,12.383438464147055,256600
2022-09-01,11.881925582885742,12.1230360917577,11.679392718642752,12.016947798968934,121100
2022-09-02,11.83370590209961,12.065171802835298,11.746905959382794,11.881927274930081,70900
2022-09-06,11.303262710571289,11.867461427824885,11.042862878101747,11.737261511590114,352100
2022-09-07,11.708328247070312,11.746905896988018,11.197173235956052,11.20681787837641,203800
2022-09-08,11.476861000061035,11.708327810704295,11.361128054621252,11.611883229622629,90400
2022-09-09,11.467218399047852,11.65046201730446,11.447929113039903,11.544373703552084,88500
2022-09-12,11.582950592041016,11.746905833242481,11.544372942332654,11.563661307304976,99600
2022-09-13,11.158595085144043,11.525083202792954,11.129662078945458,11.418994900222355,236100
2022-09-14,11.255041122436523,11.457574031571518,11.12001887642526,11.168241172840983,241700
2022-09-15,11.062150955200195,11.32254983946625,10.994639383916397,11.158594611691324,95700
2022-09-16,11.02357292175293,11.033216643229023,10.821040054537189,10.965705994078313,272400
2022-09-19,10.907841682434082,11.02357463601721,10.840330103021106,10.956063056604236,90900
2022-09-20,10.637796401977539,10.869263211449685,10.589574111680689,10.869263211449685,243000
2022-09-21,10.849973678588867,11.023573551770662,10.657085441588908,10.724596094597977,89400
2022-09-22,10.32917594909668,10.830685412406755,10.32917594909668,10.830685412406755,104500
2022-09-23,10.232731819152832,10.324354089342249,10.039843555409684,10.300243401285778,268100
2022-09-26,10.319530487060547,10.48348572083531,10.242375191138738,10.319530487060547,332700
2022-09-27,10.116997718811035,10.435263547999524,10.068775428378059,10.406330541645213,189400
2022-09-28,10.232731819152832,10.319531767778196,9.99162125953295,10.174865799911784,95900
2022-09-29,9.981976509094238,10.165220110854817,9.924109576043493,10.107353177804072,158400
2022-09-30,10.145931243896484,10.174864249107177,9.953042089788795,10.010909019973832,1020700
2022-10-03,10.32917594909668,10.396686608447483,10.049487749232815,10.126643051280519,166900
2022-10-04,10.657085418701172,10.664800396306402,10.43526325680487,10.49313018766241,92100
2022-10-05,10.58957290649414,10.666729114046257,10.464196253660456,10.464196253660456,53100
2022-10-06,10.493130683898926,10.69276999521229,10.425620027842163,10.560641339955689,43800
2022-10-07,10.242376327514648,10.483486883962067,10.155576380031373,10.435264588719827,55400
2022-10-10,10.078420639038086,10.25202052648577,10.049487631051386,10.25202052648577,96700
2022-10-11,9.90482234954834,10.039843675907163,9.721577806970219,10.039843675907163,249300
2022-10-12,9.875886917114258,10.00126450091573,9.818020905983525,9.856598553325234,96700
2022-10-13,10.030198097229004,10.039842739573388,9.57691094420761,9.65406624343524,146400
2022-10-14,9.962687492370605,10.16039806264431,9.953042849975859,10.107353449236923,147300
2022-10-17,9.953043937683105,10.116999197256582,9.924110927100674,10.078421543225401,160100
2022-10-18,10.107353210449219,10.2327307993277,10.020554190238302,10.155575501519973,143300
2022-10-19,10.059133529663086,10.174866495824562,10.00126658670042,10.059133529663086,134800
2022-10-20,9.953043937683105,10.348465121443674,9.895177916518245,10.049488532642972,254100
2022-10-21,10.107353210449219,10.194153150423837,9.89517660135982,9.89517660135982,64700
2022-10-24,10.223089218139648,10.290599887920521,10.020556289033134,10.11699997161097,86800
2022-10-25,10.396686553955078,10.51241950642004,10.13628764084985,10.223087585139508,261600
2022-10-26,10.280952453613281,10.464196964379546,10.280952453613281,10.425619317865118,54500
2022-10-27,10.242376327514648,10.36775392723896,10.116998727790337,10.329176274997923,73800
2022-10-28,10.425620079040527,10.464197728371513,10.256842518306074,10.300242488773897,76500
2022-10-31,10.02055549621582,10.46419897631209,10.02055549621582,10.34846509475322,84400
2022-11-01,10.107353210449219,10.174864785853755,10.01090954807141,10.068775561545355,171100
2022-11-02,10.174863815307617,10.338819037450824,10.068774601118712,10.174863815307617,75100
2022-11-03,9.76979923248291,10.06877578827944,9.76979923248291,10.03984278089094,54800
2022-11-04,9.66370964050293,9.9916191600837,9.50939814216871,9.89517550835886,132400
2022-11-07,9.64442253112793,9.808377787738209,9.451534264458132,9.750510847855367,143800
2022-11-08,9.528688430786133,9.69264366777517,9.475643818888592,9.69264366777517,84800
2022-11-09,9.374377250671387,9.547976199179105,9.316510321326389,9.451532543288959,97800
2022-11-10,10.165221214294434,10.444909428245309,9.760155398260228,9.760155398260228,240700
2022-11-11,9.914466857910156,10.300244340330508,9.808378533120596,10.097711414994889,244200
2022-11-14,9.374377250671387,9.924108940512497,9.306865679808283,9.91446429899439,219600
2022-11-15,9.64442253112793,9.89517773768057,9.490111917792092,9.490111917792092,153500
2022-11-16,9.557621955871582,9.692644193588421,9.470822011608167,9.557621955871582,149000
2022-11-17,9.61548900604248,9.745688004218481,9.393666821430624,9.393666821430624,142000
2022-11-18,9.88553237915039,9.895177021727006,9.432244295450623,9.644421833317455,176700
2022-11-21,9.779443740844727,10.020554278559958,9.740866091600838,9.827665112576806,117000
2022-11-22,9.914466857910156,9.981978446197948,9.557623307511948,9.798733889113214,163200
2022-11-23,9.827664375305176,10.001264243761064,9.673353789906006,10.001264243761064,150700
2022-11-25,10.02055549621582,10.059133150147504,9.822844904845466,9.866243960725267,53200
2022-11-28,9.88553237915039,10.030198338744658,9.813199399353259,10.001265330778551,107200
2022-11-29,9.885531425476074,10.001604087780683,9.779130793182544,9.89520345548715,91500
2022-11-30,9.895203590393066,10.02094920688662,9.730768008400686,9.90487654299954,213200
2022-12-01,10.11767864227295,10.166042491227325,9.88553327424838,9.88553327424838,109300
2022-12-02,10.204732894897461,10.257932295970262,9.953241630406163,10.020950462206264,125200
2022-12-05,10.185386657714844,10.238586979530007,10.156368719662764,10.20473256472531,181200
2022-12-06,9.904876708984375,10.175713851723089,9.851677313684327,10.137022040648802,171700
2022-12-07,9.96291446685791,9.98225945180277,9.859415891642449,9.904877667096054,87400
2022-12-08,9.96291446685791,10.137023021216203,9.896172377747686,9.96291446685791,145900
2022-12-09,9.933894157409668,10.020947952580949,9.914548254618216,9.914548254618216,108800
2022-12-12,10.185386657714844,10.359496130954563,10.020950137980357,10.020950137980357,108500
2022-12-13,10.272441864013672,10.465896330645409,10.137023276139626,10.446551345214065,288800
2022-12-14,10.465895652770996,10.543277434411685,10.243423261169916,10.320805042810605,302400
2022-12-15,10.108004570007324,10.398186709174684,9.817822430839964,10.320804928391867,359400
2022-12-16,10.098331451416016,10.20473209009759,9.904877002627122,10.069313514713576,615100
2022-12-19,9.875859260559082,9.982258978874016,9.759786588998175,9.875859260559082,343000
2022-12-20,10.108004570007324,10.108004570007324,9.759786556484645,9.759786556484645,236300
2022-12-21,9.846841812133789,10.2434236902712,9.779132058514096,10.166041905388957,342400
2022-12-22,9.527641296386719,9.754950164090616,9.50829538979221,9.730768703311076,135800
2022-12-23,9.44058609008789,9.527640820487663,9.179421898888572,9.353531359688118,279700
2022-12-27,10.049969673156738,10.085758496572284,9.537314172527932,9.537314172527932,411200
2022-12-28,9.595349311828613,10.03062202623855,9.595349311828613,9.895203458937527,576400
2022-12-29,9.991933822631836,10.175716279223309,9.634042786988795,9.634042786988795,337100
2022-12-30,10.320806503295898,10.383678863852102,9.866187779976585,9.904878676272032,723100
2023-01-03,10.494915008544922,10.669023564230077,10.369169376822304,10.475569100988992,220700
2023-01-04,10.649676322937012,10.852803696922255,10.44654894895177,10.620657467750942,164300
2023-01-05,10.388514518737793,10.630332832055508,10.388514518737793,10.630332832055508,93900
2023-01-06,10.523931503295898,10.58196737307258,10.340149096588197,10.417531793729637,129900
2023-01-09,10.68836784362793,10.872149325095634,10.63033105226452,10.63033105226452,123600
2023-01-10,10.88182258605957,10.891495538638425,10.649677258948213,10.649677258948213,214400
2023-01-11,10.910842895507812,11.041425016346155,10.83346110296592,10.997897642733374,143200
2023-01-12,11.201024055480957,11.268732887153512,10.823787159454628,11.036587530735915,119000
2023-01-13,11.25905990600586,11.268731936526262,11.012405139696027,11.152659268109323,117100
2023-01-17,11.249387741088867,11.491206047847106,11.172005956723321,11.307423618131208,103300
2023-01-18,11.220370292663574,11.365460914070495,11.123642596749846,11.346115005902279,86000
2023-01-19,10.901166915893555,11.201021022798031,10.901166915893555,11.181676042899387,65800
2023-01-20,10.891495704650879,11.075277194132756,10.862476846471994,10.959204528807852,153100
2023-01-23,11.05593204498291,11.152658803401506,10.876986112090032,10.891495540961412,128800
2023-01-24,10.794768333435059,11.0172416402341,10.736732460331705,10.939859861120583,103600
2023-01-25,10.891495704650879,10.978550434260443,10.707713292705456,10.843131863482949,187400
2023-01-26,10.891495704650879,10.988222464523194,10.852804816209245,10.988222464523194,50000
2023-01-27,10.949532508850098,11.065605184062997,10.915678093887621,10.968878415950726,81200
2023-01-30,10.765750885009766,11.007569186319607,10.765750885009766,10.881823558942855,53200
2023-01-31,10.930187225341797,10.939860178627617,10.722223342014653,10.736732771943382,83900
2023-02-01,10.939860343933105,10.978551235197424,10.80444176327619,10.85280560797249,294000
2023-02-02,11.239712715148926,11.346112418418612,10.925349158815502,11.065603271195384,244400
2023-02-03,11.423498153686523,11.52989788529631,11.142988931748263,11.152660963739182,193400
2023-02-06,11.172004699707031,11.394477074110624,11.16233174713378,11.346113233707898,105100
2023-02-07,11.220370292663574,11.346115005902279,11.017242869215682,11.133315550833954,326000
2023-02-08,11.123641967773438,11.230041689291323,11.075278122551262,11.17200581299561,147300
2023-02-09,10.891495704650879,11.375132271403082,10.891495704650879,11.16233192374232,122100
2023-02-10,10.997897148132324,11.065605982945524,10.833460615759964,10.881824464539545,84800
2023-02-13,10.95920467376709,11.084950293481546,10.881822895860278,10.930186737667924,106100
2023-02-14,10.95920467376709,11.055932357382382,10.881822895860278,10.89149584871452,91500
2023-02-15,11.007568359375,11.046259247779373,10.87214978872792,10.87214978872792,61100
2023-02-16,11.142987251281738,11.326768745885168,10.92051394469488,10.92051394469488,95100
2023-02-17,11.123641967773438,11.278405534513496,11.046260184403407,11.123641967773438,73600
2023-02-21,10.727059364318848,11.03658647664646,10.717386411442721,11.03658647664646,74500
2023-02-22,10.746404647827148,10.814114397388073,10.620659024315243,10.756077600973507,72600
2023-02-23,10.727059364318848,10.901168826234908,10.67869552240177,10.833459078565575,60600
2023-02-24,10.53360652923584,10.698043063410834,10.465896771216684,10.630333305391678,49600
2023-02-27,10.640005111694336,10.65935101831631,10.543277423511675,10.601314220913991,73700
2023-02-28,10.41753101348877,10.69320368043977,10.41753101348877,10.64000336840942,103000
2023-03-01,10.465895652770996,10.61098718519499,10.388513871130307,10.436877715271638,94800
2023-03-02,10.291786193847656,10.4368767909585,10.243422353989535,10.4368767909585,43900
2023-03-03,10.427206039428711,10.456224902946886,10.282115411692695,10.282115411692695,177800
2023-03-06,10.282114028930664,10.434943184211457,10.233750185368168,10.417532606412939,156100
2023-03-07,10.059639930725098,10.493945902049267,9.866185494069523,10.42720382160245,260200
2023-03-08,9.96291446685791,10.161205405476826,9.933896528208802,10.098332128862845,141500
2023-03-09,9.605023384094238,9.769459905536243,9.401895970693152,9.653386307195369,579900
2023-03-10,9.305170059204102,9.566334321724039,8.947279009518999,9.392224813377414,748900
2023-03-13,8.937603950500488,9.150404308121049,8.67644067191199,9.150404308121049,647900
2023-03-14,8.860222816467285,9.285823562761676,8.81185896950697,9.17942291495625,241200
2023-03-15,8.840812683105469,9.015494246325343,8.704950067707482,8.704950067707482,242400
2023-03-16,8.976676940917969,9.064017729503353,8.72435931289235,8.782586813780851,215200
2023-03-17,8.792291641235352,8.996086508182703,8.704950851758667,8.918449531040853,239600
2023-03-20,8.976676940917969,9.015494966345392,8.491451160327808,8.889336152332584,846600
2023-03-21,9.413379669189453,9.46190243085689,9.030051795555572,9.151358236976815,239900
2023-03-22,9.267812728881836,9.694811014780848,9.267812728881836,9.413380094973723,254100
2023-03-23,9.31633472442627,9.374561295863183,9.112539873407735,9.306629987355228,233700
2023-03-24,9.57835578918457,9.617173810524436,9.199879386999903,9.287220166388261,193300
2023-03-27,9.69481086730957,9.850082968910947,9.520130215755385,9.714220342757105,202000
2023-03-28,9.529834747314453,9.714221076004964,9.471608167566249,9.66569830921826,168700
2023-03-29,9.636584281921387,9.64628809414032,9.461902705054378,9.6074700687804,109200
2023-03-30,9.529834747314453,9.753039104335368,9.529834747314453,9.685106860636063,134800
2023-03-31,9.811264991760254,9.825822098417495,9.539538812621554,9.588061575984291,213900
2023-04-03,9.67540168762207,9.966537321923118,9.578356167690165,9.82096904202526,169300
2023-04-04,9.364856719970703,9.636583809668553,9.131948579225131,9.636583809668553,238400
2023-04-05,9.296926498413086,9.3939720311627,9.21929044241131,9.364857816040942,196600
2023-04-06,9.31633472442627,9.384266032934224,9.243550121888127,9.306629987355228,147000
2023-04-10,9.481310844421387,9.52012886431126,9.287219819477418,9.316334028515772,237100
2023-04-11,9.539539337158203,9.655993420335221,9.471608020011972,9.471608020011972,168800
2023-04-12,9.617176055908203,9.75303962506599,9.52983525612783,9.714221594663028,296900
2023-04-13,9.811264991760254,9.830674467303242,9.61717486380404,9.743333678349263,308000
2023-04-14,10.170330047607422,10.184887151527608,9.84037735486758,9.879195373160183,258700
2023-04-17,10.112105369567871,10.257672733950521,10.034469318497829,10.102400631810433,171900
2023-04-18,10.092694282531738,10.20914926603693,9.966536413807853,10.112103754947464,234900
2023-04-19,10.393535614013672,10.403240351143593,10.063581955553767,10.082991429813607,174500
2023-04-20,10.170330047607422,10.383829610964014,10.14121676526161,10.30619357437881,89800
2023-04-21,10.005353927612305,10.180034543054978,9.966535910236763,10.180034543054978,137100
2023-04-24,9.947129249572754,10.102401362950332,9.947129249572754,9.96653872649235,102500
2023-04-25,9.685104370117188,9.879195387353608,9.665695823690282,9.811263161123037,166800
2023-04-26,9.791855812072754,9.898605144210757,9.63949440044064,9.655992268492382,177600
2023-04-27,9.801559448242188,9.927717315009517,9.733627221335276,9.859786013597175,143500
2023-04-28,10.024765968322754,10.073288738331515,9.811266335581122,9.811266335581122,122800
2023-05-01,10.131514549255371,10.139278525042794,9.971390068284927,10.005356652546963,176100
2023-05-02,9.859786987304688,10.082991311193632,9.77244620515226,10.082991311193632,118500
2023-05-03,10.034467697143555,10.150921754932147,9.796707213471688,9.927717450049741,237000
2023-05-04,9.801559448242188,10.073285579386125,9.685104466543073,10.034467560651278,160200
2023-05-05,9.840378761291504,9.995650856653986,9.806412180623106,9.879196785132125,141900
2023-05-08,9.704516410827637,9.91801603100439,9.660846012939329,9.91801603100439,99000
2023-05-09,9.67540168762207,9.714219710495898,9.529833407724214,9.655992213437823,148100
2023-05-10,9.820969581604004,9.879197081861186,9.680254588015785,9.782151556597455,154300
2023-05-11,9.820969581604004,9.898605631617102,9.714220244209676,9.714220244209676,162600
2023-05-12,9.801559448242188,9.966536259238936,9.709366306686459,9.88889929627467,169200
2023-05-15,9.77244758605957,9.947129175048016,9.762743773167273,9.859788380553793,109300
2023-05-16,10.442058563232422,11.23782851240063,10.34501304116546,10.48087658696027,449000
2023-05-17,10.490579605102539,10.568215639835483,10.230498055802094,10.42264738059031,214800
2023-05-18,10.247967720031738,10.46146637269257,9.956832099909686,10.393535067345454,391000
2023-05-19,10.422650337219238,10.577922450731698,10.296491513616665,10.345014280463008,224800
2023-05-22,10.558512687683105,10.665262022099558,10.296490332077232,10.296490332077232,194600
2023-05-23,10.490579605102539,10.830237025685532,10.383829363223839,10.568215639835483,123100
2023-05-24,10.277080535888672,10.40323932970678,10.218853044320861,10.40323932970678,108300
2023-05-25,10.189741134643555,10.383831256871158,10.1800363971585,10.199445872128612,77900
2023-05-26,10.34842300415039,10.48471489105846,10.114780565233007,10.114780565233007,100700
2023-05-30,10.182927131652832,10.474980675686686,10.173191796888759,10.455510006158539,112000
2023-05-31,10.34842300415039,10.397098744361308,10.22186645096701,10.231601784691698,94600
2023-06-01,10.56259536743164,10.621005511093362,10.231601458640235,10.290011602301957,160600
2023-06-02,10.708622932434082,10.815708827529885,10.650211853391987,10.689152263282516,169200
2023-06-05,10.825444221496582,10.913060376334105,10.64047750560495,10.64047750560495,191300
2023-06-06,11.08829116821289,11.11749623969019,10.825442739679746,10.825442739679746,172500
2023-06-07,11.16617202758789,11.287860909100885,11.0688205510125,11.185641765855475,168700
2023-06-08,11.156437873840332,11.34140458479549,11.098026796036681,11.185642948535865,143100
2023-06-09,11.117496490478516,11.207059516320081,10.815707650363729,11.13696622909842,405500
2023-06-12,11.010412216186523,11.214849607842378,10.805974824530669,11.214849607842378,341700
2023-06-13,11.117496490478516,11.224582373919244,11.107761156962312,11.117496490478516,200200
2023-06-14,11.24405288696289,11.385211507364643,11.078555933103946,11.166172076724857,222100
2023-06-15,11.360873222351074,11.3754762212943,11.224581350784906,11.234316683413722,245900
2023-06-16,11.185643196105957,11.302464425886262,11.127233045422107,11.28299468512918,273500
2023-06-20,11.24405288696289,11.399814507438958,11.166172076724857,11.166172076724857,270800
2023-06-21,11.234318733215332,11.36379608124811,11.19537832400746,11.19537832400746,238000
2023-06-22,11.059085845947266,11.273258549532942,10.99094036552059,11.146701994160157,372200
2023-06-23,10.6112699508667,11.029879994615538,10.40683259559546,11.010410256615287,5875000
2023-06-26,10.50418472290039,10.78650290452299,10.484714983691521,10.523655390521792,496100
2023-06-27,10.776768684387207,10.805974688837468,10.436040321514483,10.582066630115275,253500
2023-06-28,10.83517837524414,10.88385411467253,10.659946084666942,10.7670328970919,301500
2023-06-29,10.89358901977539,11.068821318394649,10.723225316576167,10.874119280158002,393200
2023-06-30,11.000676155090332,11.039616563863238,10.796238776929435,10.942265077724684,198500
2023-07-03,10.981204986572266,11.068821134425674,10.883854433278229,10.913059506425187,77700
2023-07-05,10.805973052978516,11.000675077775542,10.776767052949596,10.951999339473163,169900
2023-07-06,10.708622932434082,10.708622932434082,10.5333906237204,10.708622932434082,196200
2023-07-07,10.883853912353516,10.922794317489865,10.640476148148204,10.650210553122923,251900
2023-07-10,10.796238899230957,11.000676279707752,10.728093415209555,10.82544397403833,163400
2023-07-11,10.961735725402832,10.981205465545848,10.786503422052807,10.8059740906084,123100
2023-07-12,11.10776138305664,11.292729009979443,11.039615903881147,11.166172456930294,182300
2023-07-13,11.30246353149414,11.370609939782845,11.195377644772654,11.35113927215392,180800
2023-07-14,11.10776138305664,11.321934082710007,11.034748237023965,11.321934082710007,188000
2023-07-17,11.078557014465332,11.244053984478189,11.049351939878528,11.098026754719008,167200
2023-07-18,11.253787994384766,11.292728398721911,10.990939568799678,11.088291043848779,175000
2023-07-19,11.41928482055664,11.46796056150852,11.312198933192535,11.331669600938303,282800
2023-07-20,11.292729377746582,11.443623341583235,11.195377894257582,11.43875567456753,203800
2023-07-21,11.205113410949707,11.384239475032462,11.136967000031493,11.360875044341222,147000
2023-07-24,11.34140396118164,11.44849077653134,11.224582740410407,11.263523147334151,129100
2023-07-25,11.14670181274414,11.380344251900889,11.098026072483353,11.331669440052627,136200
2023-07-26,11.39981460571289,11.409549939179692,11.146701506051032,11.146701506051032,150600
2023-07-27,11.273258209228516,11.4192844995669,11.234317803244114,11.390079427181725,140400
2023-07-28,11.312198638916016,11.439729095460603,11.292728900089275,11.370609712221267,96000
2023-07-31,11.536107063293457,11.54584146883235,11.380344505308054,11.380344505308054,136200
2023-08-01,11.565311431884766,11.575046765242883,11.429019550108581,11.506900360148547,236200
2023-08-02,11.390080451965332,11.47769660541633,11.380345117490199,11.44849153040353,181300
2023-08-03,11.282994270324707,11.370610421541993,11.0931598949623,11.312199344592946,222800
2023-08-04,11.51663589477539,11.545840966947653,11.31219853274454,11.31219853274454,178800
2023-08-07,11.67239761352539,11.876834977236731,11.536106656659506,11.545841061855274,282500
2023-08-08,11.604252815246582,11.623722555191803,11.448491182034559,11.623722555191803,227900
2023-08-09,11.39981460571289,11.555576227531725,11.331669128270274,11.555576227531725,185700
2023-08-10,11.536107063293457,11.565312136735232,11.37061009976916,11.399815173210934,194700
2023-08-11,12.285710334777832,13.05478408943911,12.066670887832329,12.168889110724384,472300
2023-08-14,12.217564582824707,12.344121138188672,12.12994843461792,12.314915136511383,274900
2023-08-15,12.022863388061523,12.198094768320333,11.983922978180386,12.168889693012632,269700
2023-08-16,12.207828521728516,12.363590141078722,12.0423315690658,12.100742640528368,215900
2023-08-17,12.120213508605957,12.324650885164194,12.091008434358372,12.256505402448973,243800
2023-08-18,12.178624153137207,12.237034299558648,11.98392211771151,12.003391857047811,208600
2023-08-21,11.818427085876465,12.217566555796303,11.798956414947355,12.14942013595711,139100
2023-08-22,11.876836776733398,11.92064485619565,11.760015540971613,11.857367034979427,123800
2023-08-23,11.983922958374023,12.022863368190801,11.867100800511087,12.013128033633455,104500
2023-08-24,11.906039237976074,12.042331113963016,11.891437166971635,11.97418564017577,148000
2023-08-25,11.798954010009766,11.954715632043557,11.751252175734104,11.954715632043557,144800
2023-08-28,11.896306991577148,12.032597963876464,11.798955501295394,11.798955501295394,119000
2023-08-29,11.906039237976074,11.969317973703474,11.789218027878317,11.8086886937675,138000
2023-08-30,11.89920711517334,11.996821987336215,11.821115589812806,11.821115589812806,182800
2023-08-31,11.762547492980957,11.967537981207741,11.674694293608846,11.899207197849199,880600
2023-09-01,11.459942817687988,11.889447166781533,11.440420400506179,11.840639727440292,321100
2023-09-05,11.186622619628906,11.596603626441837,11.176860945437054,11.489228003104923,169700
2023-09-06,11.39161205291748,11.44041948836733,11.157337479867492,11.196383242042488,229600
2023-09-07,11.235429763793945,11.40137449698756,11.139767034897016,11.40137449698756,233600
2023-09-08,11.245190620422363,11.284236382399202,11.04996087961377,11.264713035948583,162300
2023-09-11,11.196382522583008,11.323281474228553,11.137813417621855,11.245189954896578,166300
2023-09-12,11.176860809326172,11.372089636163304,11.157338392104698,11.215906574693598,211200
2023-09-13,11.059723854064941,11.245191943469372,11.040201436241821,11.225668594721746,213200
2023-09-14,11.069483757019043,11.157336950475441,10.981630563562645,11.079245429830722,176100
2023-09-15,10.991393089294434,11.108530379351238,10.859613288883867,10.96210806858691,556000
2023-09-18,11.010915756225586,11.09388812160398,10.923062553951468,11.010915756225586,148200
2023-09-19,10.9816312789917,11.049961131276278,10.844970643498124,11.030438715305435,140500
2023-09-20,11.04996109008789,11.181740888366447,10.966988727941143,11.069484436910379,127400
2023-09-21,11.04996109008789,11.118291873042187,10.854732276485075,10.981631238058009,143500
2023-09-22,10.913301467895508,11.118291956447326,10.903539794411035,11.108530282962853,89200
2023-09-25,11.254951477050781,11.362328021771114,10.874255526640601,10.874255526640601,267000
2023-09-26,11.10853099822998,11.25495238622731,11.093888487060454,11.157338437870584,192000
2023-09-27,11.118291854858398,11.186621706776528,11.049961072015856,11.079246092201695,179300
2023-09-28,11.323283195495605,11.342805612834056,11.108531019225744,11.108531019225744,169200
2023-09-29,11.372089385986328,11.440420172069459,11.284237114035657,11.372089385986328,1013200
2023-10-02,11.089007377624512,11.552676646434412,11.030439196233983,11.37208940347729,298200
2023-10-03,10.669264793395996,11.001154231316455,10.635099868479076,11.001154231316455,163800
2023-10-04,10.7083101272583,10.718070869041666,10.405704789789615,10.630218607445288,211900
2023-10-05,10.35689926147461,10.703431258919698,10.327615168891418,10.659504654582651,286800
2023-10-06,10.288568496704102,10.581412189547654,10.054293914799036,10.327614260354947,634000
2023-10-09,10.064054489135742,10.381301400511198,9.985962039439736,10.308090718028298,263600
2023-10-10,10.337374687194824,10.415466205077797,10.005485270730034,10.064054374604424,379000
2023-10-11,10.249523162841797,10.532605193911877,10.210477397553664,10.425229572100632,317900
2023-10-12,9.956679344177246,10.308092158687568,9.946917670235413,10.308092158687568,225400
2023-10-13,9.8395414352417,10.025009504857579,9.751688237099904,10.025009504857579,136000
2023-10-16,9.956679344177246,10.181193190217115,9.937156927218043,9.937156927218043,171600
2023-10-17,10.161670684814453,10.220239802396827,9.898111983005125,9.898111983005125,177500
2023-10-18,9.693120956420898,10.054294524836271,9.693120956420898,10.054294524836271,190500
2023-10-19,9.449084281921387,9.722404632370717,9.424680097374912,9.693120541839402,162700
2023-10-20,9.07814884185791,9.478368149773006,9.07814884185791,9.478368149773006,221000
2023-10-23,8.951249122619629,9.180642847063114,8.873157602344214,9.00005655552285,341100
2023-10-24,9.009819030761719,9.214809543653864,8.848755122841073,9.107433915348276,297700
2023-10-25,8.892681121826172,9.048865112706507,8.853635356837206,8.912204469782889,315600
2023-10-26,8.88292121887207,9.195287368325742,8.84387545019036,8.89268196284908,281900
2023-10-27,8.88292121887207,9.029342618697338,8.804829681508652,8.84387545019036,174400
2023-10-30,9.205048561096191,9.205048561096191,8.909276157357331,8.980534704742267,177800
2023-10-31,9.19528579711914,9.234331559129066,9.02934107584586,9.20504747035272,160700
2023-11-01,9.185524940490723,9.273378145554418,9.16600252321239,9.19528661459213,158300
2023-11-02,9.497889518737793,9.497889518737793,9.283138309000439,9.302660723101868,200600
2023-11-03,9.8395414352417,9.990843648194565,9.673596712290399,9.673596712290399,253100
2023-11-06,9.780973434448242,9.898110723786468,9.644312798091434,9.898110723786468,220000
2023-11-07,9.654074668884277,9.766331123761848,9.624789647757957,9.732166196705583,137400
2023-11-08,9.849303245544434,9.859064919012475,9.638455380887065,9.663835173349321,159000
2023-11-09,9.702880859375,9.995724544623718,9.663835096736799,9.956678781985516,271000
2023-11-10,9.263616561889648,9.693120917299783,9.166002612696063,9.693120917299783,484800
2023-11-13,9.000057220458984,9.224570125107023,8.995176383715624,9.224570125107023,222700
2023-11-14,9.370991706848145,10.220237684824328,9.307541765036644,9.663834441311115,487600
2023-11-15,9.312423706054688,9.458845090654899,9.312423706054688,9.341707796789839,275400
2023-11-16,9.019579887390137,9.312423583666325,9.009818213631894,9.312423583666325,295100
2023-11-17,8.96101188659668,9.107433272212202,8.882920356811807,9.009818394518877,622600
2023-11-20,9.214808464050293,9.288020084375031,8.961011469524164,9.000057232599294,259500
2023-11-21,9.15623950958252,9.21480768377366,9.099622552816827,9.146477836909215,284200
2023-11-22,9.458845138549805,9.556460016060525,9.273377988388793,9.273377988388793,316600
2023-11-24,9.527175903320312,9.60526743277995,9.42468018907675,9.429561026033536,173000
2023-11-27,9.390515327453613,9.595505826460297,9.385634490462445,9.458845183481017,337400
2023-11-28,9.429560661315918,9.517413861291129,9.302661698121105,9.351469134876714,354900
2023-11-29,9.775320053100586,9.81450059113989,9.57942203348127,9.628396771914959,443200
2023-11-30,9.990809440612793,9.990809440612793,9.755731791213798,9.765526926800973,423000
2023-12-01,9.81450080871582,10.000603697950993,9.780217837171417,9.951628958431591,402700
2023-12-04,9.52065372467041,9.834090576802604,9.52065372467041,9.785115835128073,370300
2023-12-05,9.432499885559082,9.520654238507898,9.388422709084672,9.501063967134582,364800
2023-12-06,9.471678733825684,9.54024280989702,9.383524387953694,9.530447674996692,301500
2023-12-07,9.628397941589355,9.687167821672336,9.491268844139434,9.491268844139434,277300
2023-12-08,9.726346969604492,9.775320777552203,9.569628542294595,9.599013013886323,282300
2023-12-11,9.461883544921875,9.775320387019594,9.432499074504083,9.775320387019594,166100
2023-12-12,9.138650894165039,9.452087713152308,9.089676157669428,9.452087713152308,508900
2023-12-13,9.687167167663574,9.687167167663574,9.18762649008811,9.18762649008811,1009000
2023-12-14,9.902654647827148,10.098553614389752,9.765526492171928,9.794910963510118,607800
2023-12-15,9.990809440612793,10.029989048845959,9.765526926800973,9.971220103553982,953000
2023-12-18,9.961423873901367,10.088757820202927,9.799807890925434,10.088757820202927,354800
2023-12-19,10.098552703857422,10.186706109923671,9.883064420537282,9.97121876071895,564000
2023-12-20,10.020193099975586,10.235681394825788,9.99080862971457,10.098553244197404,705000
2023-12-21,9.491268157958984,10.033907053461988,9.412908946257101,10.029988438996053,1042300
2023-12-22,9.579422950744629,9.613704990696204,9.34434530469194,9.47167926316603,486400
2023-12-26,9.863475799560547,9.873270935464747,9.569629195359138,9.61860300664899,258100
2023-12-27,9.873270034790039,9.971219516665592,9.780218120419812,9.892860304811345,419200
2023-12-28,10.206296920776367,10.225886256237951,9.848782908034407,9.863474676101726,579700
2023-12-29,10.010398864746094,10.255271629012087,9.932039654910215,10.127937679499915,1289300
2024-01-02,9.412908554077148,10.00060355147101,9.363934749390532,10.00060355147101,588100
2024-01-03,9.275781631469727,9.505961719890399,9.109268058019683,9.471679678435786,428000
2024-01-04,9.14844799041748,9.410951289208656,9.14844799041748,9.334550908077087,372100
2024-01-05,8.550957679748535,9.09359663847793,8.443213984633397,9.060293549272302,2045300
2024-01-08,8.737060546875,8.7664450178523,8.12977618668967,8.668496469889467,3796500
2024-01-09,8.678291320800781,8.77624081021543,8.445172507474101,8.688086456565358,831900
2024-01-10,8.590137481689453,8.68808603220434,8.355058905399591,8.619521953432368,750200
2024-01-11,8.550957679748535,8.688086783262378,8.4530091207663,8.619522698563255,430600
2024-01-12,8.521571159362793,8.707674964740425,8.492186692135146,8.678289563397406,568400
2024-01-16,8.678291320800781,8.688086456565358,8.384444720787958,8.423624329730705,413800
2024-01-17,8.619522094726562,8.648906566951158,8.541162879383956,8.590137622501967,338900
2024-01-18,8.93295955657959,8.942754692684737,8.59993240192932,8.678291622539314,444200
2024-01-19,8.874189376831055,9.128856341419116,8.84480397259302,9.011317526813366,624400
2024-01-22,8.991728782653809,9.040702591373027,8.903574432374375,8.962343376483648,829500
2024-01-23,9.07988166809082,9.256189406090725,8.937855030194541,9.070086534281,547600
2024-01-24,8.972138404846191,9.194483118147359,8.972138404846191,9.158242238575102,409100
2024-01-25,8.903573036193848,9.011316706242443,8.795828432029873,8.991727372649688,372600
2024-01-26,9.040702819824219,9.070088226736924,8.874190184563291,8.972138738592333,337700
2024-01-29,9.109267234802246,9.109267234802246,8.903574070547775,8.97213814726077,207300
2024-01-30,9.158241271972656,9.187625740575397,9.011317060728116,9.030907329206887,236700
2024-01-31,9.011319160461426,9.246396832289793,9.011319160461426,9.15824340594088,428300
2024-02-01,8.678291320800781,9.197422306936634,8.453008802908874,9.030908735401066,3415300
2024-02-02,8.550957679748535,8.619522698563255,8.139572237438195,8.33547028951826,2312700
2024-02-05,8.795828819274902,8.854598690871324,8.453007526327939,8.48239199506844,1050400
2024-02-06,8.786036491394043,8.854600577771238,8.658702520896666,8.766446218648777,612200
2024-02-07,8.883983612060547,8.893778746844706,8.663598684109768,8.815419536802366,507500
2024-02-08,9.03090763092041,9.050496965938226,8.859496512466148,8.893778549333911,332600
2024-02-09,8.972138404846191,9.070087889347251,8.893779190891548,9.070087889347251,442000
2024-02-12,9.207215309143066,9.27088274920317,8.883983343944594,8.883983343944594,527100
2024-02-13,8.815420150756836,9.011318189506104,8.648906584291074,9.001523054039756,1183700
2024-02-14,8.923163414001465,8.962343019887266,8.78603526045891,8.962343019887266,570700
2024-02-15,9.236601829528809,9.265986302432271,9.030908650973467,9.030908650973467,425000
2024-02-16,9.217011451721191,9.27088376318491,9.040702748105776,9.197422114717002,430900
2024-02-20,9.07988166809082,9.168035070033085,9.02600936625218,9.099471001595088,659400
2024-02-21,8.501982688903809,9.079882563027288,8.4823924193533,9.079882563027288,456800
2024-02-22,8.550957679748535,8.585240656213692,8.257111068686234,8.511778069332522,1176400
2024-02-23,8.541162490844727,8.570546961732616,8.38934070067374,8.521572220842474,567800
2024-02-26,8.668495178222656,8.737059244991661,8.453006910228908,8.511775843426525,791300
2024-02-27,8.923163414001465,9.021112895773708,8.590137231029908,8.717470249572143,703400
2024-02-28,8.913370132446289,8.967241512273407,8.766445894634082,8.82521577658208,527400
2024-02-29,9.07988166809082,9.168035070033085,8.97703463131845,9.050496266661359,556300
2024-03-01,8.159159660339355,8.178749928006617,6.98377068964955,7.7183889130951,3332300
2024-03-04,7.826134204864502,7.9240836952698315,7.737980317380604,7.757570122050113,1302200
2024-03-05,7.65962028503418,7.953467323861945,7.6400304824456615,7.835928508330839,1140100
2024-03-06,7.65962028503418,7.7624668653883315,7.573424779998514,7.708594557976606,751000
2024-03-07,7.875108242034912,7.8946985120008915,7.718389818769022,7.767364092510741,671700
2024-03-08,7.956741809844971,8.123941647819285,7.89281196346134,7.937070799276035,669900
2024-03-11,8.06492805480957,8.182951282386464,7.876091265872636,7.937069323776627,756900
2024-03-12,8.104269981384277,8.261634301338871,7.966576670406674,8.064928901395628,789700
2024-03-13,8.123942375183105,8.37965990768206,8.084601288488305,8.182953536242561,892700
2024-03-14,7.956741809844971,8.202623814164207,7.907565221388041,8.202623814164207,670100
2024-03-15,8.074764251708984,8.178034232970406,7.868223351220825,7.868223351220825,1064900
2024-03-18,7.937069892883301,8.133776224247667,7.819046656843863,8.133776224247667,835500
2024-03-19,7.907564640045166,8.01575237632441,7.878059064326343,7.878059064326343,619900
2024-03-20,8.114105224609375,8.202622886225017,7.789541090662224,7.858387743934255,714700
2024-03-21,8.153447151184082,8.291141410011866,8.050177160537295,8.123941573565771,586600
2024-03-22,8.0059175491333,8.123940786132241,7.961658718013034,8.123940786132241,563800
2024-03-25,7.878058910369873,8.074764307926825,7.848552866245,8.01575221967708,832700
2024-03-26,7.809211730957031,8.005917596091692,7.809211730957031,7.937070003964504,636600
2024-03-27,8.241964340209961,8.30097549199701,7.8190470212196095,7.878059110972004,889000
2024-03-28,8.281306266784668,8.281306266784668,8.114106423030442,8.222294171003288,687300
2024-04-01,8.300975799560547,8.41899998343831,8.19770581112423,8.379658901467515,633000
2024-04-02,8.232129096984863,8.300975755577621,8.153446933460176,8.251800106848723,328000
2024-04-03,8.22229290008545,8.281304986745345,8.133776177043552,8.153446247286652,1018600
2024-04-04,8.261634826660156,8.369823506982186,8.202623671907588,8.310811414264226,414600
2024-04-05,8.261634826660156,8.286223589444887,8.168200341974359,8.202623671907588,541200
2024-04-08,8.22229290008545,8.36490489570044,8.212458333946548,8.340316135439943,289900
2024-04-09,8.143610954284668,8.27638744923735,8.104269874813353,8.222293113227297,709600
2024-04-10,7.61250638961792,7.956741560043783,7.504318648781548,7.956741560043783,621600
2024-04-11,7.681353569030762,7.720694651232037,7.573165358485908,7.632177450770514,611500
2024-04-12,7.563330173492432,7.976411528471567,7.548577385203133,7.8092121668999255,460800
2024-04-15,7.445306777954102,7.691188766366267,7.445306777954102,7.632177145425268,623500
2024-04-16,7.366623878479004,7.4158004619571845,7.28794172010004,7.356788843172962,690000
2024-04-17,7.366623878479004,7.504318124624847,7.345969882251924,7.405965426651143,611800
2024-04-18,7.2977776527404785,7.425636402102445,7.22401277319349,7.396130356487112,837800
2024-04-19,7.366623878479004,7.450223789002317,7.268271180505299,7.268271180505299,684000
2024-04-22,7.415801048278809,7.484648176795048,7.366624460912539,7.366624460912539,640700
2024-04-23,7.464977264404297,7.5338239205140285,7.386295103717362,7.435471219655361,597200
2024-04-24,7.464977264404297,7.5485771773798325,7.4158006794836275,7.4158006794836275,718300
2024-04-25,7.278107166290283,7.474812575251093,7.25351887292451,7.464977539294397,1088800
2024-04-26,7.337118625640869,7.3764597065572275,7.209259878171368,7.327283120920441,1114000
2024-04-29,7.425635814666748,7.504317971439577,7.396129771385613,7.396129771385613,1143300
2024-04-30,6.983048915863037,7.405966268709665,6.9732138794387515,7.386295726878383,739300
2024-05-01,7.228930473327637,7.356789221764588,6.963377940641566,7.012554526650449,801900
2024-05-02,7.238766193389893,7.356789440541785,7.186639235782004,7.2879423118785,669100
2024-05-03,7.425635814666748,7.4944824673516495,7.356788692999199,7.356788692999199,735600
2024-05-06,7.514153957366943,7.538742251715455,7.415801248955604,7.4649778376526275,270400
2024-05-07,7.5043182373046875,7.592835432318808,7.464977157524486,7.5141532727584055,435300
2024-05-08,7.464977264404297,7.504318344747764,7.317447978624959,7.405965643889096,358900
2024-05-09,7.9960832595825195,8.001001012450198,7.49448372266471,7.769871786479282,806400
2024-05-10,8.045258522033691,8.20262283595699,7.9764109312182745,7.9764109312182745,695300
2024-05-13,8.173118591308594,8.291141845952795,8.0993532364362,8.16328308559688,744400
2024-05-14,8.182951927185059,8.340316243020878,8.064928690308195,8.2813050935651,857600
2024-05-15,8.143610954284668,8.330481785247402,8.114105379172512,8.261634192698612,501600
2024-05-16,8.153447151184082,8.207541491788819,8.123941573565771,8.143611645989512,390200
2024-05-17,8.09443473815918,8.187870157885028,8.079682418915612,8.163282333835504,327700
2024-05-20,8.03542423248291,8.07476531691017,7.9518243108293,8.07476531691017,388300
2024-05-21,8.06492805480957,8.089516813449695,8.000999158275716,8.00591691000374,455900
2024-05-22,8.084601402282715,8.104271476924234,8.030507055578902,8.06493038967569,463200
2024-05-23,7.9960832595825195,8.227212016570709,7.981330000979483,8.104271008775095,376400
2024-05-24,8.055093765258789,8.133776866799522,7.9960826115599595,7.9960826115599595,323500
2024-05-28,7.89772891998291,8.064928741102856,7.882976601508707,8.055093236809844,351900
2024-05-29,7.917400360107422,7.981329265565821,7.760035565720651,7.760035565720651,415000
2024-05-30,7.956741809844971,8.10427063725035,7.937070799276035,7.9862473877329645,317500
2024-05-31,7.981436729431152,8.090094564619088,7.9221691618890056,8.001193213305868,451400
2024-06-03,7.9320454597473145,8.09009354261517,7.843143648644366,8.09009354261517,372300
2024-06-04,7.8628997802734375,7.912290042441615,7.828326879367982,7.892533560757986,337300
2024-06-05,7.991314888000488,8.020948671462412,7.833266315795077,7.902412595573725,510100
2024-06-06,8.030827522277832,8.070339550570274,7.89253495223375,8.01107103711108,345000
2024-06-07,8.001193046569824,8.030826829723361,7.853022246720172,7.9320462964902605,470000
2024-06-10,8.050581932067871,8.099972195990684,7.877716950378955,7.932045863877677,275300
2024-06-11,8.149362564086914,8.228386610557209,7.951802447911177,7.9814362298273025,516400
2024-06-12,7.9715576171875,8.41606903542843,7.966618496758057,8.337044050598234,639200
2024-06-13,7.961680889129639,8.016009333666439,7.793754079633301,7.951802647562596,488100
2024-06-14,7.902412414550781,7.951802680549918,7.853022148551645,7.9122906561588024,517700
2024-06-17,7.8036322593688965,7.932046101579588,7.78387624741183,7.78387624741183,549100
2024-06-18,7.991314888000488,8.080217180427251,7.9122908374080305,7.95180286270426,423700
2024-06-20,8.20863151550293,8.228387057172311,7.902412612279078,7.98143666303859,537500
2024-06-21,8.139484405517578,8.238264935630164,8.070338599663337,8.238264935630164,718000
2024-06-24,8.267898559570312,8.287655042031,8.15924073215933,8.178996272579083,295400
2024-06-25,8.149362564086914,8.267898633792356,8.090094058213722,8.238264851876231,310800
2024-06-26,8.198753356933594,8.248143624670261,8.080217279590196,8.169119573107995,649000
2024-06-27,8.258020401000977,8.258020401000977,8.109850549226401,8.1888745957783,440400
2024-06-28,8.376556396484375,8.465458683576463,8.25802032770857,8.337044373559106,2317300
2024-07-01,8.090094566345215,8.51484954933223,8.055521661598085,8.376556988302713,893900
2024-07-02,8.159241676330566,8.164180797517284,8.025888230412328,8.060461136678306,350500
2024-07-03,8.198753356933594,8.218508898803659,8.12960660528586,8.18887511497806,271500
2024-07-05,8.119729995727539,8.18887581121319,8.08416888688874,8.16912026766347,341400
2024-07-08,8.258020401000977,8.31234978627076,8.183935475113689,8.22838661905425,682500
2024-07-09,8.69265365600586,8.702531897399776,8.248143155730078,8.297532478617759,572600
2024-07-10,8.742043495178223,8.751920794050143,8.55436068599817,8.633384729218958,748400
2024-07-11,9.166796684265137,9.186553164349982,8.840822299191757,8.840822299191757,711700
2024-07-12,9.334724426269531,9.428565836961042,9.196432812662005,9.255700377910669,614100
2024-07-15,9.50265121459961,9.571797024678203,9.354481352419477,9.40387162049319,468300
2024-07-16,10.006429672241211,10.02618521309896,9.581674710328638,9.601431193227342,703100
2024-07-17,9.83850383758545,10.184234769619353,9.744662423112075,9.996551940672605,615700
2024-07-18,9.700211524963379,10.03606422365141,9.660699498178964,9.779235578532207,1203500
2024-07-19,9.621186256408691,9.838502847300235,9.542162212819203,9.70021029999818,547700
2024-07-22,9.700211524963379,9.749601793954152,9.482895848669616,9.601431929022857,322100
2024-07-23,9.798991203308105,9.887893491284157,9.655759530004259,9.700210673992284,407300
2024-07-24,9.660698890686035,10.026185350969266,9.660698890686035,9.798991446755759,877800
2024-07-25,9.92740535736084,9.996551161562138,9.670576738840401,9.670576738840401,544300
2024-07-26,10.045941352844238,10.11508715654588,9.887893263217103,10.016307571549381,412000
2024-07-29,9.83850383758545,10.08545423416938,9.784174448883864,10.045942208397591,526500
2024-07-30,9.769357681274414,9.9471613199166,9.7051500528984,9.91752753714973,426300
2024-07-31,9.848381996154785,9.912588684224945,9.675516531601444,9.808869970717536,684500
2024-08-01,9.532283782958984,9.838502652330588,9.438443321831672,9.838502652330588,533400
2024-08-02,9.226066589355469,9.364358202874095,9.17667632365269,9.275456855058248,427000
2024-08-05,8.791433334350586,8.998871695554142,8.588934093894848,8.988994396099464,713400
2024-08-06,8.613629341125488,8.791432970483044,8.574117318819262,8.791432970483044,565800
2024-08-07,8.48521614074707,8.821068845211352,8.465459655994563,8.7222883055309,443700
2024-08-08,8.672897338867188,8.682775580449775,8.50497100012708,8.53460572487484,356700
2024-08-09,9.186554908752441,9.94716163767231,8.959360054839598,9.94716163767231,526600
2024-08-12,9.611308097839355,9.724905985758816,9.235944358592072,9.285333679728193,659000
2024-08-13,9.710089683532715,9.75947995209807,9.591553604200472,9.680455899209909,550300
2024-08-14,9.581674575805664,9.769357392544531,9.53228431129328,9.769357392544531,283800
2024-08-15,9.769357681274414,9.779234980836058,9.601431342193873,9.769357681274414,489800
2024-08-16,9.887893676757812,9.907649217766977,9.63106504935193,9.710089097470515,368000
2024-08-19,10.194112777709961,10.22374750562826,9.84838276369942,9.84838276369942,782600
2024-08-20,9.976795196533203,10.213867322595076,9.91752669399729,10.213867322595076,567200
2024-08-21,9.976795196533203,10.026184516265428,9.670576327172615,9.710088348182929,486700
2024-08-22,9.878016471862793,10.016309041603654,9.868138229301076,9.937284985192036,574400
2024-08-23,10.223746299743652,10.223746299743652,9.957039432183281,10.016307938988128,598500
2024-08-26,9.966917991638184,10.31264797590012,9.942222387164554,10.31264797590012,237600
2024-08-27,9.78911304473877,9.922466477830396,9.759479262509837,9.887893574889816,279300
2024-08-28,9.64094352722168,9.878015677389184,9.576735897775698,9.789113385566123,241100
2024-08-29,9.83850383758545,9.907649647175829,9.631065466773308,9.749601544088673,360900
2024-08-30,9.962413787841797,9.972326864080921,9.724505630280692,9.863284916176513,256000
2024-09-03,9.873198509216309,9.902936794127315,9.516336254195128,9.902936794127315,673300
2024-09-04,9.982239723205566,10.155714788594096,9.912850075195376,9.912850075195376,311400
2024-09-05,9.982239723205566,10.090289993223616,9.912850075195376,10.041717239616482,199200
2024-09-06,9.893023490905762,10.031803726251997,9.863285206675501,9.992152365490645,382700
2024-09-09,9.9326753616333,10.036759824558198,9.883110926513506,9.883110926513506,275400
2024-09-10,10.021890640258789,10.081368154026165,9.86328519736313,9.932675787652238,383400
2024-09-11,10.041717529296875,10.081368892926985,9.847425563900414,10.002066165666765,259100
2024-09-12,10.071455001831055,10.140844646235784,9.888067814371984,10.140844646235784,464600
2024-09-13,10.408492088317871,10.54727232315946,10.200322208736994,10.200322208736994,300000
2024-09-16,10.448143005371094,10.477881288230712,10.38370990161476,10.438229929296899,403500
2024-09-17,10.646401405334473,10.666227560472306,10.48779594568424,10.48779594568424,435500
2024-09-18,10.418405532836914,10.676139858634315,10.408492455991697,10.577010980908225,430900
2024-09-19,10.844657897949219,10.854570975214703,10.408492897261812,10.656314156720427,778000
2024-09-20,10.745529174804688,10.844657104114063,10.62657509241563,10.844657104114063,1085900
2024-09-23,10.666226387023926,10.874396266253756,10.646400234067272,10.805005676268475,342900
2024-09-24,10.80500602722168,10.849613927460036,10.626575371631294,10.695965018507385,440600
2024-09-25,10.795092582702637,10.854569145543874,10.74552815009299,10.84465606994936,509400
2024-09-26,10.676138877868652,10.904133952185587,10.676138877868652,10.904133952185587,396900
2024-09-27,10.725703239440918,10.874396554467754,10.705878031321825,10.755442469664104,185700
2024-09-30,10.61666202545166,10.78022400705452,10.517533150689863,10.705877823664677,259800
2024-10-01,10.695964813232422,10.715790966452541,10.477881854626204,10.596835937857865,338600
2024-10-02,10.6563138961792,10.765354907344285,10.59683637940357,10.626575610472914,545200
2024-10-03,10.844657897949219,10.864484052480186,10.646401079454943,10.646401079454943,205300
2024-10-04,10.953699111938477,11.039940798482192,10.785180591342268,10.844657160162685,881900
2024-10-07,10.884308815002441,11.062740417006758,10.824832244576365,11.013175978076331,225000
2024-10-08,10.884308815002441,10.933873253932868,10.84465745293071,10.923961122437216,170100
2024-10-09,10.923961639404297,10.96856859665332,10.874397198128277,10.874397198128277,174200
2024-10-10,10.953699111938477,11.042914910532119,10.904134674346118,10.963612188529552,207400
2024-10-11,11.023089408874512,11.112305212741292,11.01317633169752,11.023089408874512,168600
2024-10-14,11.09247875213623,11.132130114386396,10.983437742289041,11.082566620595975,194600
2024-10-15,11.102392196655273,11.176738385165656,11.072653910323735,11.112305273886811,181200
2024-10-16,11.310561180114746,11.370038693347242,11.151955738645425,11.151955738645425,346000
2024-10-17,11.151955604553223,11.360125480319402,11.082565961085493,11.360125480319402,401800
2024-10-18,11.191607475280762,11.251084990512924,11.003263743544473,11.171782267112063,423900
2024-10-21,11.082565307617188,11.211432456003775,10.973523365325418,11.211432456003775,222600
2024-10-22,11.171782493591309,11.25108521859983,11.067697076165716,11.102391900186563,277100
2024-10-23,10.854570388793945,11.191607434707247,10.710834557662112,11.09247855813403,361900
2024-10-24,10.983436584472656,10.993349660330974,10.869439048190838,10.923960020048641,187100
2024-10-25,11.023089408874512,11.122218289918285,10.904135318839828,11.033002486051505,266400
2024-10-28,11.102392196655273,11.270910728139118,11.077610448939504,11.112305273886811,264600
2024-10-29,11.241170883178711,11.260996089529874,11.023087941138238,11.042914092852348,207800
2024-10-30,11.151955604553223,11.360125480319402,11.142042528239836,11.241171400647726,144400
2024-10-31,10.953699111938477,11.241171715538535,10.9437860353474,11.171782070127044,152800
2024-11-01,10.795092582702637,11.072652081808563,10.785179507108122,11.023087649198917,244900
2024-11-04,10.755441665649414,10.844656513560691,10.676138948375193,10.755441665649414,192200
2024-11-05,11.033001899719238,11.033001899719238,10.715791009817776,10.715791009817776,203700
2024-11-06,11.330387115478516,11.49890563014549,11.151955524569253,11.399776758448569,501500
2024-11-07,11.260997772216797,11.345257038866404,11.171782912261115,11.330388368222,473400
2024-11-08,11.578208923339844,11.786378807932874,11.122217792581925,11.38986424685123,1171600
2024-11-11,12.123414993286133,12.123414993286133,11.389864326401822,11.647598651100537,1752000
2024-11-12,11.974722862243652,12.269134442567264,11.607947521464297,11.74672776339286,1076400
2024-11-13,11.697161674499512,12.17793449691734,11.677335523292383,12.143239677667784,623100
2024-11-14,11.79629135131836,11.915246385551773,11.672380723908029,11.756639988361576,654400
2024-11-15,11.92515754699707,11.999503728321598,11.746726900890804,11.865680980082644,612500
2024-11-18,11.994548797607422,12.109537085419085,11.87559376648667,11.895419920127807,535900
2024-11-19,12.192805290222168,12.272108011998977,11.746727243886859,11.776465528212409,691000
2024-11-20,13.025484085083008,13.025484085083008,12.18784806967242,12.192804607676383,2971800
2024-11-21,13.481476783752441,13.550866433323943,12.856967101519716,13.134526645168792,1761200
2024-11-22,13.669819831848145,13.699558116536625,13.421998586930401,13.610342317108154,836000
2024-11-25,13.86807632446289,14.08615927975045,13.739209166582196,13.798686679974441,2822300
2024-11-26,13.798686981201172,13.877989703880017,13.704514643508912,13.778860827849948,677100
2024-11-27,14.046507835388184,14.081202657425203,13.768948313729021,13.768948313729021,596100
2024-11-29,14.011727333068848,14.19059979868114,13.952102546062191,14.071351172371665,587700
2024-12-02,14.011727333068848,14.17072550148148,13.96204016851394,14.130975959378322,1176700
2024-12-03,13.862666130065918,14.150850553282202,13.82291658712932,14.130976255665834,1132800
2024-12-04,13.812978744506836,14.111100785635843,13.683793442797981,13.872603531814175,1210800
2024-12-05,13.61423110961914,13.922290774983985,13.59435681220739,13.842791689929287,891600
2024-12-06,13.157111167907715,13.790123332789204,13.142205681467619,13.733480020286786,613000
2024-12-09,13.20679759979248,13.266422385349657,13.087548976381944,13.236609518719161,830400
2024-12-10,13.256485939025879,13.435359363860153,13.02792534643721,13.196861148179822,584400
2024-12-11,13.5347318649292,13.609262137825953,13.286296990137465,13.335984154636579,511400
2024-12-12,13.196860313415527,13.663918144436995,13.176986016193252,13.485044730917318,639800
2024-12-13,13.167048454284668,13.335984246118212,12.998112662451122,13.286297081278256,535200
2024-12-16,13.226673126220703,13.266422668205054,13.067674010579461,13.127298797407907,682800
2024-12-17,13.405545234680176,13.475107642080149,12.69999017244944,13.117360826034034,1682100
2024-12-18,12.779489517211914,13.84279141736376,12.699990433722558,13.43535837755485,891400
2024-12-19,12.64036750793457,13.01798865563541,12.456525271772149,12.898739074084494,650900
2024-12-20,12.809303283691406,13.047800550905336,12.441619759810624,12.441619759810624,868100
2024-12-23,12.64036750793457,12.968301487939843,12.560868418703226,12.8888023987085,533700
2024-12-24,12.739740371704102,12.789427537356298,12.630429365432356,12.630429365432356,173800
2024-12-26,12.868926048278809,12.908675589483611,12.58074163761803,12.660240720027636,329000
2024-12-27,12.5211181640625,12.898738342646034,12.491305296513396,12.769553040748631,495800
2024-12-30,12.35218334197998,12.531055822800257,12.203121835641843,12.421744809648759,633900
